query_id,query_text,tau,k,head_mean,tail_mean,tail_std,tail_to_head_ratio,tail_cv,tail_decay,n_tail_items,total_items
1,what is the origin of COVID-19,0.4,10,0.925455397262521,0.8993428620685141,0.00334942051137156,0.9717841235015244,0.003724297654031298,0.0014552840047127472,7,10
1,what is the origin of COVID-19,0.5,10,0.9068217168062273,0.8747866115918344,0.004092643427687438,0.9646732046435559,0.004678447719084457,0.001819262448958105,7,10
1,what is the origin of COVID-19,0.55,10,0.8975048765780803,0.8625415354056507,0.0045806624290158126,0.9610438426744438,0.005310657215900381,0.0019682026189244656,7,10
1,what is the origin of COVID-19,0.6,10,0.8881880363499333,0.8503450295506436,0.005089759907571709,0.9573930234921786,0.005985523206105341,0.0021374571282658994,7,10
1,what is the origin of COVID-19,0.65,10,0.8788711961217864,0.8381485236956364,0.005645241072006007,0.9536648002507673,0.00673537077547369,0.002315704680890326,7,10
1,what is the origin of COVID-19,0.7,10,0.8695543558936395,0.8259520178406294,0.006234720588896855,0.9498566849128137,0.007548526372266661,0.002493952233514753,7,10
1,what is the origin of COVID-19,0.8,10,0.8509206754373455,0.8053335095410007,0.006804705309352349,0.9464260685957425,0.008449549445956479,0.0024700518128739158,7,10
1,what is the origin of COVID-19,1.0,10,0.8379668032275105,0.7774369392539414,0.0063050245955742126,0.9277657972363196,0.008110014172499647,0.002274334533627861,7,10
10,has social distancing had an impact on slowing the spread of COVID-19?,0.4,10,0.903432832959258,0.8795439526809591,0.003802758733287309,0.9735576576290135,0.0043235573636724225,0.0015925027512957277,7,10
10,has social distancing had an impact on slowing the spread of COVID-19?,0.5,10,0.8882293596575268,0.8613049340540648,0.005837798867532435,0.9696875302412395,0.006777853738808364,0.0029117493195563054,7,10
10,has social distancing had an impact on slowing the spread of COVID-19?,0.55,10,0.8824990412953156,0.8536969762270613,0.008368699661394603,0.9673630636176338,0.009802892471729623,0.003661922919860402,7,10
10,has social distancing had an impact on slowing the spread of COVID-19?,0.6,10,0.8788276461806074,0.8476993063879955,0.008408487831946119,0.9645796989570186,0.009919186872729985,0.004057187220320494,7,10
10,has social distancing had an impact on slowing the spread of COVID-19?,0.65,10,0.8762606666734074,0.8432523355874987,0.005719579056234762,0.9623304658747038,0.006782761001485871,0.0026978277939698598,7,10
10,has social distancing had an impact on slowing the spread of COVID-19?,0.7,10,0.8736936871662073,0.8391915377556085,0.002822754073566911,0.9605100163622502,0.0033636588866425873,0.0011167196638637617,7,10
10,has social distancing had an impact on slowing the spread of COVID-19?,0.8,10,0.8685597281518073,0.8310699420918286,0.0051580950999475335,0.956836835919445,0.006206571599695267,0.002538769390902997,7,10
10,has social distancing had an impact on slowing the spread of COVID-19?,1.0,10,0.8582918101230073,0.8176015529432811,0.012990434253551831,0.9525915816744254,0.015888465728553975,0.006746096791721112,7,10
11,what are the guidelines for triaging patients infected with coronavirus?,0.4,10,0.8944142374730344,0.8815246863419174,0.004978771333409527,0.9855888350262251,0.005647909140321465,0.0018570204319036426,7,10
11,what are the guidelines for triaging patients infected with coronavirus?,0.5,10,0.8680185693206655,0.8519066645074757,0.0062232554135875804,0.9814382947754223,0.007305090654720392,0.0023212865692666834,7,10
11,what are the guidelines for triaging patients infected with coronavirus?,0.55,10,0.8548207352444809,0.8370976535902549,0.006845497463267416,0.9792669024937057,0.008177656972167515,0.0025534196379481955,7,10
11,what are the guidelines for triaging patients infected with coronavirus?,0.6,10,0.8416229011682962,0.8222886426730341,0.007467739517210035,0.9770274092251728,0.009081652268641908,0.002785552706629692,7,10
11,what are the guidelines for triaging patients infected with coronavirus?,0.65,10,0.8284250670921116,0.8074796317558134,0.008089981574431896,0.9747165601714352,0.010018805746023268,0.003017685775311204,7,10
11,what are the guidelines for triaging patients infected with coronavirus?,0.7,10,0.8152272330159273,0.7926706208385924,0.008712223634230309,0.9723308897644565,0.01099097582929636,0.0032498188439927167,7,10
11,what are the guidelines for triaging patients infected with coronavirus?,0.8,10,0.7888315648635581,0.7630525990041509,0.009956707759624626,0.9673200629796475,0.013048520865558919,0.003714084981355757,7,10
11,what are the guidelines for triaging patients infected with coronavirus?,1.0,10,0.7360402285588199,0.7139275971959184,0.006153625107896833,0.9699573059937248,0.008619396605575026,0.0022824893749654623,7,10
12,what are best practices in hospitals and at home in maintaining quarantine?,0.4,10,0.8858759004654019,0.86872305714137,0.00488828748043233,0.9806374196261344,0.005626980244449577,0.002343181217200182,7,10
12,what are best practices in hospitals and at home in maintaining quarantine?,0.5,10,0.8573451837454131,0.8359047142240316,0.006110040066343971,0.9749920219674924,0.007309493489357704,0.0029287649878437794,7,10
12,what are best practices in hospitals and at home in maintaining quarantine?,0.55,10,0.8430798253854187,0.8194955427653622,0.006720916366193056,0.972026038448643,0.008201284833732631,0.003221556873165578,7,10
12,what are best practices in hospitals and at home in maintaining quarantine?,0.6,10,0.8288144670254244,0.803086371306693,0.007331792669106057,0.9689579553177103,0.009129519477682802,0.0035143487584873767,7,10
12,what are best practices in hospitals and at home in maintaining quarantine?,0.65,10,0.81454910866543,0.7866781374093745,0.007941633369512556,0.9657835593218932,0.010095149454216825,0.003806203082458413,7,10
12,what are best practices in hospitals and at home in maintaining quarantine?,0.7,10,0.8002837503054357,0.7706951849062247,0.008135380047496796,0.9630274069816883,0.010555898371788424,0.003672776012260665,7,10
12,what are best practices in hospitals and at home in maintaining quarantine?,0.8,10,0.7717530335854468,0.7387292798999253,0.00881712618974974,0.9572094280833622,0.011935530957895948,0.004100386623351533,7,10
12,what are best practices in hospitals and at home in maintaining quarantine?,1.0,10,0.7146916001454694,0.6772336083548645,0.010119362865623645,0.9475885937613081,0.01494220419775917,0.004688506815335233,7,10
13,what are the transmission routes of coronavirus?,0.4,10,0.8918929597111908,0.881670706766293,0.002528298952159299,0.9885386998141482,0.0028676227221298423,0.0010824936415810363,7,10
13,what are the transmission routes of coronavirus?,0.5,10,0.8672138475495643,0.8549370508031575,0.0031448654232502393,0.9858434032377404,0.0036784760004211344,0.0013023427219894484,7,10
13,what are the transmission routes of coronavirus?,0.55,10,0.854874291468751,0.8420333775273224,0.003053929690067381,0.9849791787288786,0.003626851110148881,0.001408535089251222,7,10
13,what are the transmission routes of coronavirus?,0.6,10,0.8425347353879379,0.8291917502992467,0.0032071098445795062,0.98416328190606,0.0038677541635238092,0.001474539881700083,7,10
13,what are the transmission routes of coronavirus?,0.65,10,0.8301951793071248,0.8165362464910745,0.003313894819333153,0.9835473233806898,0.004058478522630259,0.0013544212542453099,7,10
13,what are the transmission routes of coronavirus?,0.7,10,0.8178556232263116,0.8038807426829022,0.003692717241582489,0.9829127780667685,0.004593613263154276,0.0013712813274161992,7,10
13,what are the transmission routes of coronavirus?,0.8,10,0.794400223684902,0.7780452868007501,0.0042369391205136185,0.9794122201926279,0.00544562018740004,0.0015537484640130797,7,10
13,what are the transmission routes of coronavirus?,1.0,10,0.7481816145531993,0.7292943835086749,0.00360051733395996,0.9747558204089211,0.004936987607991269,0.0015984791517829372,7,10
14,what evidence is there related to COVID-19 super spreaders,0.4,10,0.875454879197596,0.8473849476837726,0.00463080802138894,0.9679367467349647,0.00546482213785684,0.002079697911796265,7,10
14,what evidence is there related to COVID-19 super spreaders,0.5,10,0.8498352221308226,0.8198916917347142,0.007983534360835725,0.9647654867480899,0.009737303647929747,0.003598032435502988,7,10
14,what evidence is there related to COVID-19 super spreaders,0.55,10,0.8375700905808293,0.8083337933474711,0.009035689383335323,0.9650939096773576,0.011178166071613479,0.0041235487071023934,7,10
14,what evidence is there related to COVID-19 super spreaders,0.6,10,0.8267526474676267,0.7974906637775968,0.008562363375584267,0.9646061203678508,0.010736631492368327,0.00375487169648108,7,10
14,what evidence is there related to COVID-19 super spreaders,0.65,10,0.815935204354424,0.7880137725381517,0.008658896981199217,0.9657798417481398,0.010988255894702648,0.003543572253959404,7,10
14,what evidence is there related to COVID-19 super spreaders,0.7,10,0.8058853750809744,0.7794629782946598,0.008586116295710464,0.967213207233523,0.011015425408010412,0.0031079287188252114,7,10
14,what evidence is there related to COVID-19 super spreaders,0.8,10,0.7939517479003992,0.7670805188523089,0.007680821813107229,0.9661550854706836,0.01001305811363731,0.0030827963200884705,7,10
14,what evidence is there related to COVID-19 super spreaders,1.0,10,0.7862973501593499,0.7578802930448995,0.009828523831087968,0.9638596554996764,0.012968438315766698,0.004154884746082911,7,10
15,how long can the coronavirus live outside the body,0.4,10,0.8844820057807122,0.8632525848844068,0.004239755677721707,0.9759979052625647,0.004911373278180717,0.0017889813699216717,7,10
15,how long can the coronavirus live outside the body,0.5,10,0.855606500825037,0.8290698416656992,0.005299950334920508,0.9689849724917363,0.006392646395474092,0.0022362278913054456,7,10
15,how long can the coronavirus live outside the body,0.55,10,0.8411687483471993,0.8119784700563455,0.005830047780856838,0.9652979519885762,0.007180052176078357,0.002459851151997348,7,10
15,how long can the coronavirus live outside the body,0.6,10,0.8267309958693616,0.7948870984469915,0.006360145278938724,0.9614821537096426,0.008001319044383587,0.002683474412689251,7,10
15,how long can the coronavirus live outside the body,0.65,10,0.8122932433915242,0.7783806645706662,0.006316853363031465,0.9582508175504888,0.008115378054149984,0.002638453597724474,7,10
15,how long can the coronavirus live outside the body,0.7,10,0.7978554909136865,0.7618954399984041,0.006516564507129446,0.9549291177101487,0.008553095562749522,0.002841357729009667,7,10
15,how long can the coronavirus live outside the body,0.8,10,0.7689799859580112,0.7289249908538799,0.007609307309301277,0.9479115245707858,0.010439081393529333,0.0032471659915800366,7,10
15,how long can the coronavirus live outside the body,1.0,10,0.7120107106713673,0.6674159554010182,0.008494559066789392,0.9373678589352961,0.012727533703753636,0.0030169741840022474,7,10
16,how long does coronavirus remain stable  on surfaces?,0.4,10,0.8918502973208616,0.8736063495323344,0.007076617687457533,0.9795437105943313,0.008100465033531226,0.0024675976830377255,7,10
16,how long does coronavirus remain stable  on surfaces?,0.5,10,0.8658392836449632,0.8422336589078562,0.00873693001239693,0.9727367131718333,0.010373522739196043,0.0030844891089266374,7,10
16,how long does coronavirus remain stable  on surfaces?,0.55,10,0.8528337768070138,0.8265473135956167,0.009576245235401336,0.9691775068879039,0.01158584037221426,0.003392934821871117,7,10
16,how long does coronavirus remain stable  on surfaces?,0.6,10,0.8398282699690646,0.8108609682833776,0.01041970287666061,0.965508065492063,0.012850171958232869,0.0037013805348155493,7,10
16,how long does coronavirus remain stable  on surfaces?,0.65,10,0.8268227631311151,0.7951746229711382,0.011266372607434644,0.9617231871554578,0.014168425754506971,0.004009826247759997,7,10
16,how long does coronavirus remain stable  on surfaces?,0.7,10,0.8138172562931659,0.7794882776588992,0.012115581037801637,0.9578173375302572,0.015542993249609028,0.004318271960704477,7,10
16,how long does coronavirus remain stable  on surfaces?,0.8,10,0.7878062426172673,0.7481155870344204,0.01381974072037779,0.9496187597460694,0.018472734641394324,0.004935163386593389,7,10
16,how long does coronavirus remain stable  on surfaces?,1.0,10,0.7357842152654701,0.6853702057854635,0.01724307381287246,0.9314826161882023,0.025158773561087564,0.006168946238371197,7,10
17,are there any clinical trials available for the coronavirus,0.4,10,0.9383958835819612,0.9069133952105366,0.0058607959482436705,0.9664507390513559,0.006462354596585386,0.002660157487071015,7,10
17,are there any clinical trials available for the coronavirus,0.5,10,0.9231243760259611,0.8861093894702412,0.007270529191440059,0.9599024925383631,0.008205001863016858,0.003278310336685971,7,10
17,are there any clinical trials available for the coronavirus,0.55,10,0.9154886222479609,0.875729211480231,0.008549129585439725,0.956570284106752,0.009762298063563815,0.003606078285449708,7,10
17,are there any clinical trials available for the coronavirus,0.6,10,0.9078528684699608,0.8653490334902205,0.010038886169129395,0.9531820227088409,0.01160096767964189,0.003933846234213429,7,10
17,are there any clinical trials available for the coronavirus,0.65,10,0.9002171146919605,0.8549688555002104,0.011659135957174202,0.9497362819998891,0.013636913066678759,0.00426161418297715,7,10
17,are there any clinical trials available for the coronavirus,0.7,10,0.8925813609139605,0.8445886775102002,0.01336249467435052,0.9462315868274259,0.015821304535768112,0.004589382131740887,7,10
17,are there any clinical trials available for the coronavirus,0.8,10,0.8782513470846448,0.8234248242187432,0.01643352500843119,0.9375730842339175,0.01995752924260347,0.005579453969887603,7,10
17,are there any clinical trials available for the coronavirus,1.0,10,0.8505869802582192,0.7820116634912239,0.02110702185761128,0.9193788309031283,0.026990673979695897,0.00754776948824679,7,10
18,what are the best masks for preventing infection by Covid-19?,0.4,10,0.8627210735047509,0.8336128640097493,0.0049704147643768746,0.9662599994494729,0.005962497676042034,0.002063656771113674,7,10
18,what are the best masks for preventing infection by Covid-19?,0.5,10,0.8340444137036173,0.8036336969446424,0.0064126937045276555,0.9635382525686678,0.007979622717300502,0.0027533890275037087,7,10
18,what are the best masks for preventing infection by Covid-19?,0.55,10,0.8208288959359895,0.7933636195226281,0.006583992685144957,0.9665395838897183,0.008298833628275755,0.002532802191471419,7,10
18,what are the best masks for preventing infection by Covid-19?,0.6,10,0.8119453877052187,0.7850977906630499,0.007733836263490438,0.9669342329561751,0.009850793564148067,0.0034077020103006695,7,10
18,what are the best masks for preventing infection by Covid-19?,0.65,10,0.8048242715863282,0.7776076641558366,0.010589694324585067,0.9661831676909458,0.013618299835150336,0.004884023091353289,7,10
18,what are the best masks for preventing infection by Covid-19?,0.7,10,0.8025507279894372,0.7709148801498281,0.009418222187679657,0.9605808745337959,0.012216941753477654,0.003821666564673357,7,10
18,what are the best masks for preventing infection by Covid-19?,0.8,10,0.8026247463684534,0.7728644756735602,0.011188484117893919,0.9629213143133872,0.014476644314830265,0.004243424889499391,7,10
18,what are the best masks for preventing infection by Covid-19?,1.0,10,0.8417801138138242,0.808639952520538,0.013621893831948855,0.9606308574538079,0.01684543756401015,0.005748266101417575,7,10
19,what type of hand sanitizer is needed to destroy Covid-19?,0.4,10,0.877472391586532,0.8650238307511408,0.004061146232981313,0.9858131595309986,0.004694837400554421,0.0017051738844699857,7,10
19,what type of hand sanitizer is needed to destroy Covid-19?,0.5,10,0.848398629156644,0.8335453654837162,0.005076686938491073,0.98249258878731,0.006090474674458794,0.002131532893984727,7,10
19,what type of hand sanitizer is needed to destroy Covid-19?,0.55,10,0.8338617479417,0.8178061328500039,0.0055844572957804,0.9807454711391574,0.006828583293107513,0.0023447123987421054,7,10
19,what type of hand sanitizer is needed to destroy Covid-19?,0.6,10,0.819324866726756,0.8020669002162919,0.006092227655084824,0.9789363569796062,0.00759566022914291,0.002557891903499484,7,10
19,what type of hand sanitizer is needed to destroy Covid-19?,0.65,10,0.804787985511812,0.7863276675825794,0.006599998015939259,0.9770618867806624,0.008393444982331279,0.0027710714082568627,7,10
19,what type of hand sanitizer is needed to destroy Covid-19?,0.7,10,0.7902511042968681,0.7705884349488673,0.007107768378011554,0.9751184538166564,0.009223819169415892,0.0029842509130142414,7,10
19,what type of hand sanitizer is needed to destroy Covid-19?,0.8,10,0.76117734186698,0.7391099696814427,0.008123309104896101,0.9710088950737662,0.010990663687566354,0.0034106099225289827,7,10
19,what type of hand sanitizer is needed to destroy Covid-19?,1.0,10,0.7034168085935866,0.6815759682793759,0.0074657133190553235,0.9689503576721755,0.010953604097724218,0.0029416009166340273,7,10
2,how does the coronavirus respond to changes in the weather,0.4,10,0.8723007621858428,0.8646961785149447,0.0019155972742067784,0.9912821540453063,0.0022153414364530707,0.0008026484607010735,7,10
2,how does the coronavirus respond to changes in the weather,0.5,10,0.8403765949248881,0.8308710654173154,0.0023944115446755962,0.9886889644892807,0.0028818087960169525,0.001003297891597302,7,10
2,how does the coronavirus respond to changes in the weather,0.55,10,0.8244145112944109,0.8139585088685006,0.002633818706653099,0.9873170567928343,0.0032358144524030114,0.0011036226070454244,7,10
2,how does the coronavirus respond to changes in the weather,0.6,10,0.8084524276639335,0.7970459523196859,0.0028732258805171107,0.9858909752090086,0.0036048434499353597,0.0012039473224935307,7,10
2,how does the coronavirus respond to changes in the weather,0.65,10,0.7924903440334563,0.7803637502250017,0.00282001279867125,0.984698117901683,0.0036137157804397727,0.0011025632762842027,7,10
2,how does the coronavirus respond to changes in the weather,0.7,10,0.7793350769413311,0.7646254359754463,0.003095608872853945,0.9811253959931895,0.00404852981238431,0.001187344001500144,7,10
2,how does the coronavirus respond to changes in the weather,0.8,10,0.7580361581481984,0.7310009723087129,0.0035376604862794327,0.9643352291986578,0.004839474392361581,0.0013569054519320112,7,10
2,how does the coronavirus respond to changes in the weather,1.0,10,0.7279476956520013,0.6660312987697591,0.004495153213843867,0.9149438932878473,0.006749162122180988,0.0018602924627139084,7,10
20,are patients taking Angiotensin-converting enzyme inhibitors (ACE) at increased risk for COVID-19?,0.4,10,0.9221150102653152,0.9104118494346664,0.0020412787958690123,0.9873083501511579,0.00224214875623222,0.0009648237565965825,7,10
20,are patients taking Angiotensin-converting enzyme inhibitors (ACE) at increased risk for COVID-19?,0.5,10,0.9042738405359025,0.8880154247446107,0.0025513276675554813,0.9820204731548393,0.002873066836974405,0.0012058836939283937,7,10
20,are patients taking Angiotensin-converting enzyme inhibitors (ACE) at increased risk for COVID-19?,0.55,10,0.8953532556711963,0.8772862601768571,0.0022157158658727433,0.979821377339165,0.0025256475183209467,0.0009390610355261167,7,10
20,are patients taking Angiotensin-converting enzyme inhibitors (ACE) at increased risk for COVID-19?,0.6,10,0.8864326708064899,0.8672486463259891,0.0020054558718517563,0.9783581707756248,0.002312434709869732,0.0009766135855196717,7,10
20,are patients taking Angiotensin-converting enzyme inhibitors (ACE) at increased risk for COVID-19?,0.65,10,0.8775120859417836,0.85799553816344,0.002539135519136426,0.9777592262363001,0.0029593807965149874,0.001184877194107489,7,10
20,are patients taking Angiotensin-converting enzyme inhibitors (ACE) at increased risk for COVID-19?,0.7,10,0.870117818116849,0.8482009973666853,0.0033024212865688926,0.9748116630945484,0.003893441880900341,0.0012997996031397824,7,10
20,are patients taking Angiotensin-converting enzyme inhibitors (ACE) at increased risk for COVID-19?,0.8,10,0.8569228112284066,0.8307281486755437,0.005656649981621315,0.9694317128571794,0.006809267256249704,0.002306483599068297,7,10
20,are patients taking Angiotensin-converting enzyme inhibitors (ACE) at increased risk for COVID-19?,1.0,10,0.8490878540469585,0.8051484314593623,0.010807973566845805,0.9482510291742248,0.013423578988107745,0.004306780883961382,7,10
21,what are the mortality rates overall and in specific populations,0.4,10,0.8541447035757918,0.8431714691350294,0.004489854630896911,0.9871529561737912,0.005324960337548951,0.0019099049346417627,7,10
21,what are the mortality rates overall and in specific populations,0.5,10,0.8177488450799415,0.8039885666257194,0.005658011077044662,0.9831729772080853,0.007037427286797021,0.002410845407169499,7,10
21,what are the mortality rates overall and in specific populations,0.55,10,0.7995728187247447,0.7843877284170379,0.00622381023276289,0.981008496096796,0.007934609386767277,0.002651928689406954,7,10
21,what are the mortality rates overall and in specific populations,0.6,10,0.7813967923695477,0.7647868902083566,0.006789609392399785,0.978743319241403,0.008877779521756762,0.002893011971644377,7,10
21,what are the mortality rates overall and in specific populations,0.65,10,0.7632207660143507,0.7451860519996751,0.007355408555051076,0.9763702524646237,0.0098705665991911,0.0031340952538818157,7,10
21,what are the mortality rates overall and in specific populations,0.7,10,0.745044739659154,0.7255852137909936,0.007921207720070832,0.9738813995558673,0.010916991649656952,0.003375178536119255,7,10
21,what are the mortality rates overall and in specific populations,0.8,10,0.7086926869487602,0.6866669051784813,0.00878032276714997,0.9689205459913665,0.012786873374751843,0.0036719434375236393,7,10
21,what are the mortality rates overall and in specific populations,1.0,10,0.6732410598214275,0.6417926722320979,0.009257690072994689,0.9532880724807976,0.014424736326136703,0.003575093935490952,7,10
22,are cardiac complications likely in patients with COVID-19?,0.4,10,0.9235967014082368,0.9037583735622379,0.003009503427501308,0.9785205730859033,0.0033299867702902748,0.0012264616366560257,7,10
22,are cardiac complications likely in patients with COVID-19?,0.5,10,0.9077835413875137,0.8876300265107162,0.003968335258298153,0.977799206575178,0.004470708673407235,0.0014873146267162043,7,10
22,are cardiac complications likely in patients with COVID-19?,0.55,10,0.9017574773238201,0.8817850782477636,0.0037316671999262554,0.9778516956295952,0.0042319464141325975,0.0016125864534592335,7,10
22,are cardiac complications likely in patients with COVID-19?,0.6,10,0.8964679836425011,0.8759007218694856,0.005225810438646993,0.9770574497379737,0.005966213188514382,0.0022645553400268653,7,10
22,are cardiac complications likely in patients with COVID-19?,0.65,10,0.8920381114859893,0.8696479562662901,0.007185626144019205,0.9749000015454486,0.008262683873678804,0.00327658281003061,7,10
22,are cardiac complications likely in patients with COVID-19?,0.7,10,0.8902978971548446,0.8629391491586933,0.006353335987154346,0.9692701194919334,0.0073624380042885,0.003135899783448589,7,10
22,are cardiac complications likely in patients with COVID-19?,0.8,10,0.8868174684925547,0.8509331582112732,0.005047993068110816,0.9595358553973018,0.005932302695457402,0.00234170799409082,7,10
22,are cardiac complications likely in patients with COVID-19?,1.0,10,0.8840225748337097,0.8302125066078697,0.008223714381578887,0.9391304365321643,0.009905553477120953,0.0030928813309492992,7,10
23,what kinds of complications related to COVID-19 are associated with hypertension?,0.4,10,0.9197993480564289,0.8962122013397353,0.005394953036917117,0.9743562041367673,0.006019727279825331,0.002255905730853388,7,10
23,what kinds of complications related to COVID-19 are associated with hypertension?,0.5,10,0.9041849781840305,0.8702680105997439,0.006743391724961461,0.9624889061390893,0.007748637940068902,0.002819872322496967,7,10
23,what kinds of complications related to COVID-19 are associated with hypertension?,0.55,10,0.8963777932478315,0.857753502466208,0.006912177086375693,0.9569107009649617,0.008058465592389704,0.0027308847137247827,7,10
23,what kinds of complications related to COVID-19 are associated with hypertension?,0.6,10,0.8885706083116324,0.8456664695902262,0.007006390415624642,0.95171555493724,0.008285051693038793,0.0029791344059086266,7,10
23,what kinds of complications related to COVID-19 are associated with hypertension?,0.65,10,0.8807634233754332,0.8335794367142445,0.007597490191457656,0.9464283082052147,0.009114296558711916,0.003227384098092486,7,10
23,what kinds of complications related to COVID-19 are associated with hypertension?,0.7,10,0.872956238439234,0.8214924038382626,0.00858342843698438,0.941046489692331,0.01044857919182209,0.0034756337902763145,7,10
23,what kinds of complications related to COVID-19 are associated with hypertension?,0.8,10,0.8582078329880725,0.7969472104771977,0.010800513285857575,0.9286179639055728,0.013552357225004176,0.00397213317464405,7,10
23,what kinds of complications related to COVID-19 are associated with hypertension?,1.0,10,0.8326741278716475,0.7668301891253074,0.011120794068891023,0.9209247212776501,0.014502290372234912,0.004456004503300589,7,10
24,what kinds of complications related to COVID-19 are associated with diabetes,0.4,10,0.9421692257747712,0.9315851822422163,0.004065547405541289,0.988766303076975,0.0043641177243244605,0.0018956825161430904,7,10
24,what kinds of complications related to COVID-19 are associated with diabetes,0.5,10,0.9277118373536267,0.9144822259434708,0.005082003998395376,0.9857395250578085,0.005557247428349167,0.0023696965996572767,7,10
24,what kinds of complications related to COVID-19 are associated with diabetes,0.55,10,0.9204831431430543,0.9059307477940981,0.0055902323072170535,0.9841904814255847,0.006170706006865343,0.0026067036414143857,7,10
24,what kinds of complications related to COVID-19 are associated with diabetes,0.6,10,0.913254448932482,0.897461285114218,0.006005225464272095,0.9827067211808003,0.0066913476535178035,0.002761695213678924,7,10
24,what kinds of complications related to COVID-19 are associated with diabetes,0.65,10,0.9060257547219096,0.8890555385767158,0.0063594989527635155,0.9812696095483483,0.007153095253131658,0.002852970643565394,7,10
24,what kinds of complications related to COVID-19 are associated with diabetes,0.7,10,0.8987970605113375,0.8806497920392139,0.006726729870512198,0.9798093815952187,0.007638371042972628,0.0029442460734518316,7,10
24,what kinds of complications related to COVID-19 are associated with diabetes,0.8,10,0.8843396720901927,0.8638382989642095,0.007492379574852999,0.9768173092613532,0.008673358872646399,0.0033220127502609736,7,10
24,what kinds of complications related to COVID-19 are associated with diabetes,1.0,10,0.8554248952479035,0.8305359765251114,0.00882308009099346,0.9709046125953824,0.010623356892868677,0.003831886499014606,7,10
25,which biomarkers predict the severe clinical course of 2019-nCOV infection?,0.4,10,0.909568149288743,0.873509645249659,0.0016206324653640614,0.960356456998543,0.0018553114715760995,0.0006320329858529357,7,10
25,which biomarkers predict the severe clinical course of 2019-nCOV infection?,0.5,10,0.8869612094640562,0.8418883399009688,0.0020260868636071995,0.9491828175999686,0.002406598081457605,0.0007902990591164283,7,10
25,which biomarkers predict the severe clinical course of 2019-nCOV infection?,0.55,10,0.875657739551713,0.8260776872266238,0.0022288141145604726,0.943379644710876,0.0026980684129639565,0.0008694320957481905,7,10
25,which biomarkers predict the severe clinical course of 2019-nCOV infection?,0.6,10,0.8643542696393695,0.8107708202774911,0.0021821099517525667,0.9380075378302525,0.0026914016848876314,0.0008541796013309241,7,10
25,which biomarkers predict the severe clinical course of 2019-nCOV infection?,0.65,10,0.8530507997270261,0.7962077094670688,0.0034655725140452817,0.9333649411287733,0.004352598540354398,0.001489615317796281,7,10
25,which biomarkers predict the severe clinical course of 2019-nCOV infection?,0.7,10,0.8417473298146828,0.7821505177289028,0.005525974506121407,0.9291986918462803,0.00706510368639395,0.0025728764621417233,7,10
25,which biomarkers predict the severe clinical course of 2019-nCOV infection?,0.8,10,0.8191403899899959,0.7540361342525707,0.01065866931393597,0.9205212482096989,0.014135488778002992,0.004739398750832656,7,10
25,which biomarkers predict the severe clinical course of 2019-nCOV infection?,1.0,10,0.7744437168785906,0.6977976413621455,0.020896497769369235,0.901030799468077,0.029946357698455297,0.008638849376288418,7,10
26,what are the initial symptoms of Covid-19?,0.4,10,0.927735551857951,0.8985872225552838,0.00260617838488756,0.9685812091125616,0.0029003065250320986,0.001114818733686272,7,10
26,what are the initial symptoms of Covid-19?,0.5,10,0.9100327673363248,0.8738690664792504,0.0039989725475149535,0.9602611003085901,0.004576169017661305,0.0017108763886680225,7,10
26,what are the initial symptoms of Covid-19?,0.55,10,0.9015276274337021,0.8613615945734381,0.00456487070690037,0.9554466977627729,0.005299598607203955,0.0019871400400118017,7,10
26,what are the initial symptoms of Covid-19?,0.6,10,0.8931137908113126,0.8488149926903829,0.0050723525772745715,0.9503996035256735,0.0059758046464252115,0.0022242737141127916,7,10
26,what are the initial symptoms of Covid-19?,0.65,10,0.8846999541889232,0.8362683908073276,0.005581569907755987,0.9452565096762136,0.006674376275740351,0.0024614073882137815,7,10
26,what are the initial symptoms of Covid-19?,0.7,10,0.8762861175665337,0.8246503132560401,0.005153448241018338,0.9410742641297486,0.006249252753776956,0.0022848577905575534,7,10
26,what are the initial symptoms of Covid-19?,0.8,10,0.8594584443217549,0.8026107119433756,0.008245023175770584,0.9338563338879742,0.010272754964616361,0.003509319035994623,7,10
26,what are the initial symptoms of Covid-19?,1.0,10,0.8426543439723612,0.7713944957098258,0.013174269599937055,0.9154340700047792,0.017078511284701725,0.005524348320847662,7,10
27,what is known about those infected with Covid-19 but are asymptomatic?,0.4,10,0.9205398341437036,0.9051777859562389,0.0035588049116262815,0.9833119137079444,0.003931608758898921,0.0014513728427991226,7,10
27,what is known about those infected with Covid-19 but are asymptomatic?,0.5,10,0.9006756316965251,0.8832286124178518,0.0035648359829540967,0.9806289648962636,0.004036141869538515,0.001587991211860643,7,10
27,what is known about those infected with Covid-19 but are asymptomatic?,0.55,10,0.8910074802015543,0.872409095329982,0.005091086714742362,0.9791265670773436,0.0058356644170665115,0.0025400209654775313,7,10
27,what is known about those infected with Covid-19 but are asymptomatic?,0.6,10,0.8831580234064212,0.8608101376564673,0.005554002193122219,0.9746954846611073,0.0064520641081700575,0.002770963911316704,7,10
27,what is known about those infected with Covid-19 but are asymptomatic?,0.65,10,0.8753085666112882,0.8492111799829528,0.0060169176840648665,0.9701849294936412,0.007085302014259458,0.0030019068571558926,7,10
27,what is known about those infected with Covid-19 but are asymptomatic?,0.7,10,0.8674591098161551,0.8376122223094383,0.006479833184877812,0.9655927441778294,0.007736077641049479,0.0032328498029950492,7,10
27,what is known about those infected with Covid-19 but are asymptomatic?,0.8,10,0.8517601962258889,0.8144143069624092,0.007405664208710981,0.956154455879768,0.009093239332118957,0.003694735694673395,7,10
27,what is known about those infected with Covid-19 but are asymptomatic?,1.0,10,0.8203623690453568,0.768018476268351,0.009257326314112897,0.9361941810691322,0.012053520325568735,0.0046185074780300695,7,10
28,what evidence is there for the value of hydroxychloroquine in treating Covid-19?,0.4,10,0.9622272745406463,0.9520903048980222,0.0047482325207082315,0.9894650984119491,0.004987166129390228,0.0016583294609436067,7,10
28,what evidence is there for the value of hydroxychloroquine in treating Covid-19?,0.5,10,0.9527862921386211,0.9401140284715447,0.0059356627386840275,0.986699783811297,0.006313768924748779,0.0020728967464891867,7,10
28,what evidence is there for the value of hydroxychloroquine in treating Covid-19?,0.55,10,0.9480658009376087,0.9341258902583061,0.006529377862652444,0.9852964734457076,0.006989826457809588,0.0022801803892619843,7,10
28,what evidence is there for the value of hydroxychloroquine in treating Covid-19?,0.6,10,0.9433453097365962,0.9281377520450675,0.0071230929932781465,0.9838791187759496,0.0076746075435279466,0.0024874640320347663,7,10
28,what evidence is there for the value of hydroxychloroquine in treating Covid-19?,0.65,10,0.9386248185355838,0.9221496138318289,0.007716808129024564,0.9824475079090078,0.008368282123937285,0.0026947476748075483,7,10
28,what evidence is there for the value of hydroxychloroquine in treating Covid-19?,0.7,10,0.9339043273345712,0.9161614756185903,0.008310523268794164,0.9810014246677492,0.009071024584594016,0.0029020313175803303,7,10
28,what evidence is there for the value of hydroxychloroquine in treating Covid-19?,0.8,10,0.9244633449325462,0.9041851991921128,0.009497953557385202,0.9780649542768913,0.010504433788422548,0.003316598603125926,7,10
28,what evidence is there for the value of hydroxychloroquine in treating Covid-19?,1.0,10,0.9055813801284961,0.8802326463391583,0.011872814158100334,0.9720083315033035,0.013488268365731207,0.00414573317421707,7,10
29,which SARS-CoV-2 proteins-human proteins interactions indicate potential for drug targets. Are there approved drugs that can be repurposed based on this information?,0.4,10,0.8994457014541846,0.8892126971095312,0.0034373197796471167,0.9886229882158433,0.0038655765834433595,0.0014862759613229709,7,10
29,which SARS-CoV-2 proteins-human proteins interactions indicate potential for drug targets. Are there approved drugs that can be repurposed based on this information?,0.5,10,0.874308909288476,0.861518357150471,0.004297995566009358,0.9853706716217565,0.004988861270728186,0.001858266114931974,7,10
29,which SARS-CoV-2 proteins-human proteins interactions indicate potential for drug targets. Are there approved drugs that can be repurposed based on this information?,0.55,10,0.8617405132056217,0.8476711871709408,0.004728333625136302,0.9836733612739827,0.005578028009795724,0.0020442611917364756,7,10
29,which SARS-CoV-2 proteins-human proteins interactions indicate potential for drug targets. Are there approved drugs that can be repurposed based on this information?,0.6,10,0.8491721171227674,0.8338240171914109,0.005158671757978442,0.9819258079464971,0.006186763215761664,0.002230256268540961,7,10
29,which SARS-CoV-2 proteins-human proteins interactions indicate potential for drug targets. Are there approved drugs that can be repurposed based on this information?,0.65,10,0.836603721039913,0.8199768472118806,0.00558900994750818,0.9801257472207213,0.006816058241781051,0.002416251345345447,7,10
29,which SARS-CoV-2 proteins-human proteins interactions indicate potential for drug targets. Are there approved drugs that can be repurposed based on this information?,0.7,10,0.8240353249570589,0.8061296772323506,0.006019348181567388,0.9782707765281284,0.0074669725623219205,0.002602246422149964,7,10
29,which SARS-CoV-2 proteins-human proteins interactions indicate potential for drug targets. Are there approved drugs that can be repurposed based on this information?,0.8,10,0.7988985327913501,0.7784353372732903,0.006880024749850703,0.9743857390167416,0.008838273932874258,0.0029742365757589517,7,10
29,which SARS-CoV-2 proteins-human proteins interactions indicate potential for drug targets. Are there approved drugs that can be repurposed based on this information?,1.0,10,0.7486249484599331,0.7230466573551702,0.008601378146758498,0.9658329699572764,0.01189602089887456,0.003718216882976942,7,10
3,will SARS-CoV2 infected people develop immunity? Is cross protection possible?,0.4,10,0.8602834883831344,0.8344438711482328,0.006995798273526493,0.9699638344989441,0.008383785315481982,0.0027705250032949674,7,10
3,will SARS-CoV2 infected people develop immunity? Is cross protection possible?,0.5,10,0.8297828652049996,0.798574860171821,0.007358379827220456,0.9623901548925471,0.009214389525907729,0.003182578618491773,7,10
3,will SARS-CoV2 infected people develop immunity? Is cross protection possible?,0.55,10,0.8145325536159321,0.784259005728062,0.005423190316469983,0.9628332253223304,0.006915050100617459,0.002506548750015325,7,10
3,will SARS-CoV2 infected people develop immunity? Is cross protection possible?,0.6,10,0.8019810982184686,0.7709487911189254,0.00652223466779293,0.9613054382846693,0.008460010240533368,0.002523891914871806,7,10
3,will SARS-CoV2 infected people develop immunity? Is cross protection possible?,0.65,10,0.7938210007772879,0.7611393965915269,0.0021478011120960013,0.9588300080827289,0.0028218235998742295,0.0007559894157894867,7,10
3,will SARS-CoV2 infected people develop immunity? Is cross protection possible?,0.7,10,0.7856609033361069,0.7572684356209949,0.005012065861116279,0.963861676717588,0.0066186118757295825,0.0023032223038225797,7,10
3,will SARS-CoV2 infected people develop immunity? Is cross protection possible?,0.8,10,0.7799849786490922,0.754308545810767,0.00784485921597953,0.9670808623996888,0.010400066736016492,0.0030469878666269856,7,10
3,will SARS-CoV2 infected people develop immunity? Is cross protection possible?,1.0,10,0.7916388648668399,0.7564024951904685,0.011229111759968057,0.9554893383332078,0.014845418717372782,0.004115057603636396,7,10
30,is remdesivir an effective treatment for COVID-19,0.4,10,0.9704546655536003,0.954221322231095,0.0044646219069081755,0.9832724351804266,0.00467881172102642,0.002157394217625476,7,10
30,is remdesivir an effective treatment for COVID-19,0.5,10,0.9652419021238027,0.9427776266822951,0.005580136662940968,0.9767267921211462,0.005918825929904474,0.002696477619100587,7,10
30,is remdesivir an effective treatment for COVID-19,0.55,10,0.962635520408904,0.9370557789078955,0.006137894063115012,0.9734273866290091,0.006550190715720792,0.00296601931983815,7,10
30,is remdesivir an effective treatment for COVID-19,0.6,10,0.9600291386940052,0.9313339311334955,0.006695651473138711,0.9701100660345103,0.007189313359376542,0.0032355610205756663,7,10
30,is remdesivir an effective treatment for COVID-19,0.65,10,0.9574227569791064,0.925769693849365,0.006957157934085819,0.9669393035636481,0.007514998579352762,0.0033474922310440087,7,10
30,is remdesivir an effective treatment for COVID-19,0.7,10,0.9548163752642077,0.921480823893552,0.005368555669974749,0.9650869505024656,0.005826009104878471,0.002519905995019167,7,10
30,is remdesivir an effective treatment for COVID-19,0.8,10,0.9496036118344101,0.9129030839819261,0.006867633411837529,0.9613517394046267,0.007522850489103503,0.003022618237093869,7,10
30,is remdesivir an effective treatment for COVID-19,1.0,10,0.9403113536686742,0.8974032010453897,0.015005143931665648,0.9543681436410651,0.016720626708469587,0.0067745252785062415,7,10
31,How does the coronavirus differ from seasonal flu?,0.4,10,0.8840690841405499,0.8757188866292271,0.0017057850395286107,0.9905548133498635,0.0019478682777922401,0.0007899355168353875,7,10
31,How does the coronavirus differ from seasonal flu?,0.5,10,0.8550871757700621,0.8446495894208377,0.002131280978318792,0.9877935412376818,0.0025232723782890563,0.0009870138896488673,7,10
31,How does the coronavirus differ from seasonal flu?,0.55,10,0.8405962215848181,0.8291149408166428,0.0023440290135540187,0.9863415032409627,0.00282714603025396,0.0010855530760556073,7,10
31,How does the coronavirus differ from seasonal flu?,0.6,10,0.8261052673995742,0.813580292212448,0.0025567770780732424,0.9848385239976104,0.003142624154673597,0.0011840922624623313,7,10
31,How does the coronavirus differ from seasonal flu?,0.65,10,0.8116143132143302,0.7990395789376598,0.0009182985095631544,0.9845065148902201,0.0011492528452521113,0.00044097264514932267,7,10
31,How does the coronavirus differ from seasonal flu?,0.7,10,0.7979235726629091,0.7842906748953976,0.0018183498992515174,0.9829145318742565,0.002318464260070457,0.000873435526923237,7,10
31,How does the coronavirus differ from seasonal flu?,0.8,10,0.7736162254976912,0.7534753808376056,0.0020782250257025963,0.9739653280318308,0.0027581857066017535,0.0009982675561285767,7,10
31,How does the coronavirus differ from seasonal flu?,1.0,10,0.7321162114350122,0.6932282746778862,0.00299375771788821,0.9468828361539732,0.004318574165601197,0.0011756348026996813,7,10
32,"Does SARS-CoV-2 have any subtypes, and if so what are they?",0.4,10,0.8937455671321439,0.8831524462418802,0.0022090086235395353,0.9881474982592026,0.002501276685514073,0.000791958211157454,7,10
32,"Does SARS-CoV-2 have any subtypes, and if so what are they?",0.5,10,0.8671844256255063,0.8541537858944224,0.0026083731484104387,0.9849736234346173,0.003053751199708253,0.0009643820592423509,7,10
32,"Does SARS-CoV-2 have any subtypes, and if so what are they?",0.55,10,0.8539038548721876,0.839730032001153,0.00281581274235384,0.9834011489816309,0.00335323572463343,0.0010606554923309672,7,10
32,"Does SARS-CoV-2 have any subtypes, and if so what are they?",0.6,10,0.8406232841188688,0.8253062781078837,0.003068409810189834,0.9817789891139642,0.0037179043605781617,0.0011569289254196155,7,10
32,"Does SARS-CoV-2 have any subtypes, and if so what are they?",0.65,10,0.8273427133655499,0.811402590492326,0.0029792260844823983,0.9807333495349454,0.0036716990053910544,0.0012043347782352118,7,10
32,"Does SARS-CoV-2 have any subtypes, and if so what are they?",0.7,10,0.8140621426122312,0.7977796555376484,0.003556420440676373,0.9799984715880115,0.00445789813765004,0.001296883219334331,7,10
32,"Does SARS-CoV-2 have any subtypes, and if so what are they?",0.8,10,0.7897977461200615,0.7695494663363779,0.004657503153487776,0.9743627024980069,0.00605224661601147,0.0018781612453302138,7,10
32,"Does SARS-CoV-2 have any subtypes, and if so what are they?",1.0,10,0.7430196926160059,0.7123387710137156,0.006051517429591783,0.9587077948172953,0.008495280161404082,0.002347581527787262,7,10
33,What vaccine candidates are being tested for Covid-19?,0.4,10,0.9082387428556591,0.8957723659332978,0.003890327729136309,0.9862741189798127,0.004342986987640559,0.0013589156266216357,7,10
33,What vaccine candidates are being tested for Covid-19?,0.5,10,0.8853004684769538,0.8702567278843273,0.005244230709666436,0.9830071923281513,0.006026073159371757,0.002016212295990329,7,10
33,What vaccine candidates are being tested for Covid-19?,0.55,10,0.8740256308578102,0.8574156376154667,0.0058355802046024755,0.980995988383039,0.006806010934010529,0.0022934185661766604,7,10
33,What vaccine candidates are being tested for Covid-19?,0.6,10,0.8629113779549563,0.8447505843169436,0.00603826360569245,0.9789540454535985,0.007147983934897098,0.002256943823491556,7,10
33,What vaccine candidates are being tested for Covid-19?,0.65,10,0.8517971250521024,0.8329599098194306,0.005810408870912453,0.9778853265893336,0.0069756164761543395,0.002148173774331154,7,10
33,What vaccine candidates are being tested for Covid-19?,0.7,10,0.8406828721492486,0.8214721471400565,0.006244966960534851,0.9771486661074955,0.007602165188773124,0.0022202106662719662,7,10
33,What vaccine candidates are being tested for Covid-19?,0.8,10,0.8197207428271801,0.8014288734215368,0.005162397396482614,0.9776852427296697,0.006441491650335498,0.002565453351964025,7,10
33,What vaccine candidates are being tested for Covid-19?,1.0,10,0.7972494642209962,0.7680506557379486,0.009000567265548194,0.9633755683842595,0.011718715684059125,0.0036642318059036,7,10
34,What are the longer-term complications of those who recover from COVID-19?,0.4,10,0.8980558018140078,0.8792350010143231,0.0017373254015549016,0.9790427267863889,0.0019759511388316533,0.0006574384252253809,7,10
34,What are the longer-term complications of those who recover from COVID-19?,0.5,10,0.8753129207846101,0.8552820303832974,0.0030837997961321874,0.9771157377828292,0.003605594045685927,0.00136160324535582,7,10
34,What are the longer-term complications of those who recover from COVID-19?,0.55,10,0.8639414802699114,0.8449666388957036,0.004233514612093423,0.9780368904520249,0.005010274272634303,0.0019332002328414763,7,10
34,What are the longer-term complications of those who recover from COVID-19?,0.6,10,0.8525700397552125,0.8350185801025267,0.006218599308587396,0.9794134688831839,0.007447258608094509,0.002504797220327085,7,10
34,What are the longer-term complications of those who recover from COVID-19?,0.65,10,0.842047124537329,0.824726558295229,0.008218997855454803,0.9794304074708207,0.00996572472753161,0.0029534798885475816,7,10
34,What are the longer-term complications of those who recover from COVID-19?,0.7,10,0.8324859063763103,0.8143467839743522,0.009666378453846332,0.9782108955082315,0.011870100851470635,0.0034207740338864884,7,10
34,What are the longer-term complications of those who recover from COVID-19?,0.8,10,0.816445060701566,0.7937130042066013,0.009882903711729004,0.9721572735397147,0.012451482663570561,0.0037392123284096324,7,10
34,What are the longer-term complications of those who recover from COVID-19?,1.0,10,0.7858179026371509,0.7608261095618423,0.005837361324263673,0.968196457485331,0.0076723987924460085,0.00263016166559839,7,10
35,What new public datasets are available related to COVID-19?,0.4,10,0.8962223929970158,0.8911844209386727,0.001717101374892617,0.9943786585810517,0.0019267632316597467,0.0006944609541973401,7,10
35,What new public datasets are available related to COVID-19?,0.5,10,0.8702805354735275,0.863982380592995,0.00214633245505784,0.9927630750961177,0.0024842317427639007,0.0008680564933654576,7,10
35,What new public datasets are available related to COVID-19?,0.55,10,0.8573096067117832,0.8503813604201562,0.0023609479976887705,0.9919186181545308,0.002776340248711794,0.0009548542629495323,7,10
35,What new public datasets are available related to COVID-19?,0.6,10,0.8443386779500391,0.8367803402473173,0.002575563541452359,0.9910482157218325,0.0030779446141040194,0.001041652032533591,7,10
35,What new public datasets are available related to COVID-19?,0.65,10,0.8313677491882948,0.8235690661387813,0.002343305049698804,0.9906194544386311,0.002845304839684118,0.0009816375487238713,7,10
35,What new public datasets are available related to COVID-19?,0.7,10,0.8183968204265506,0.8104033646311849,0.002409488229122005,0.9902327873277911,0.002973196230766594,0.0010571507235736441,7,10
35,What new public datasets are available related to COVID-19?,0.8,10,0.792454962903062,0.7840719616159918,0.0034468949921033364,0.9894214792265794,0.004396146222343164,0.0015150360224333184,7,10
35,What new public datasets are available related to COVID-19?,1.0,10,0.745642846094689,0.7356630255459359,0.004521733231293082,0.9866158166727911,0.006146473418230448,0.0016464527024389528,7,10
36,What is the protein structure of the SARS-CoV-2 spike?,0.4,10,0.9087873825285536,0.8924387943554078,0.005781323604845174,0.9820105467049306,0.006478117761589373,0.0026149404354493927,7,10
36,What is the protein structure of the SARS-CoV-2 spike?,0.5,10,0.8859857217400161,0.8655505248376977,0.007227912149724674,0.9769350719758947,0.008350653072597934,0.003269325895963182,7,10
36,What is the protein structure of the SARS-CoV-2 spike?,0.55,10,0.8745848913457474,0.8521063900788425,0.007951206502135174,0.9742980910265708,0.009331236797085252,0.0035965186262200926,7,10
36,What is the protein structure of the SARS-CoV-2 spike?,0.6,10,0.8631840609514786,0.8386622553199875,0.008674500890077904,0.9715914522280903,0.010343258963965405,0.0039237113564769876,7,10
36,What is the protein structure of the SARS-CoV-2 spike?,0.65,10,0.8517832305572098,0.8252181205611324,0.00939779530534872,0.968812358540213,0.011388256112163897,0.004250904086733882,7,10
36,What is the protein structure of the SARS-CoV-2 spike?,0.7,10,0.840382400162941,0.8117739858022771,0.01012108974208875,0.9659578611414078,0.012467866572597871,0.004578096816990808,7,10
36,What is the protein structure of the SARS-CoV-2 spike?,0.8,10,0.8175807393744035,0.7848857162845669,0.0115676786638674,0.9600100375225887,0.014738042015372134,0.005232482277504613,7,10
36,What is the protein structure of the SARS-CoV-2 spike?,1.0,10,0.7719774177973283,0.7324291273499053,0.013552578801142965,0.9487701459451164,0.01850360436944837,0.006420612324188827,7,10
37,What is the result of phylogenetic analysis of SARS-CoV-2 genome sequence?,0.4,10,0.9270135374386629,0.9174316485278887,0.0010222552256020875,0.9896637012041389,0.00111425764223678,0.0003647924517233043,7,10
37,What is the result of phylogenetic analysis of SARS-CoV-2 genome sequence?,0.5,10,0.9088730755702211,0.8975348831601858,0.001412599397199116,0.9875249991282646,0.0015738657334692196,0.0005911341857656975,7,10
37,What is the result of phylogenetic analysis of SARS-CoV-2 genome sequence?,0.55,10,0.901318750932559,0.8881420791992534,0.0032048215104996803,0.9853806750168326,0.0036084558828573233,0.0014607009466958937,7,10
37,What is the result of phylogenetic analysis of SARS-CoV-2 genome sequence?,0.6,10,0.8954839603294095,0.8780123320806725,0.0034958229519552785,0.9804891778940297,0.003981519193097255,0.0015933245499778323,7,10
37,What is the result of phylogenetic analysis of SARS-CoV-2 genome sequence?,0.65,10,0.8896491697262601,0.8678825849620919,0.0037868244211278993,0.9755335187118023,0.004363291171804425,0.001725948153259771,7,10
37,What is the result of phylogenetic analysis of SARS-CoV-2 genome sequence?,0.7,10,0.8838143791231108,0.8577528378435112,0.004077825912083619,0.9705124267094897,0.0047540803506237765,0.0018585717565416937,7,10
37,What is the result of phylogenetic analysis of SARS-CoV-2 genome sequence?,0.8,10,0.8721447979168117,0.8374933436063496,0.004659828943020645,0.9602686911700559,0.005564019079787364,0.002123818963105571,7,10
37,What is the result of phylogenetic analysis of SARS-CoV-2 genome sequence?,1.0,10,0.8534013623355782,0.803651307707401,0.009112048884734185,0.9417038021921809,0.011338311525589857,0.003705243549125619,7,10
38,What is the mechanism of inflammatory response and pathogenesis of COVID-19 cases?,0.4,10,0.9290565214785613,0.9178898113261197,0.0068349211560166725,0.9879805911757982,0.0074463416759599195,0.002700337279612164,7,10
38,What is the mechanism of inflammatory response and pathogenesis of COVID-19 cases?,0.5,10,0.9113210039101357,0.8973634040077412,0.0085435562034602,0.9846842113344171,0.009520731696103912,0.0033753278598895875,7,10
38,What is the mechanism of inflammatory response and pathogenesis of COVID-19 cases?,0.55,10,0.902453245125923,0.887100200348552,0.009397873734538466,0.9829874346839667,0.01059392583931999,0.0037128231500282677,7,10
38,What is the mechanism of inflammatory response and pathogenesis of COVID-19 cases?,0.6,10,0.8935854863417102,0.8768369966893627,0.010252191268886435,0.981256981107745,0.011692243036727706,0.004050318440166979,7,10
38,What is the mechanism of inflammatory response and pathogenesis of COVID-19 cases?,0.65,10,0.8847177275574974,0.8665737930301732,0.01110650880574953,0.9794918379476634,0.012816575916648813,0.004387813730305691,7,10
38,What is the mechanism of inflammatory response and pathogenesis of COVID-19 cases?,0.7,10,0.8758499687732847,0.8563105893709838,0.01196082634458878,0.9776909515340079,0.013967859901598077,0.004725309020444387,7,10
38,What is the mechanism of inflammatory response and pathogenesis of COVID-19 cases?,0.8,10,0.8581144512048592,0.8357841820526054,0.013669461426713849,0.9739775164945651,0.016355252612155174,0.0054002996007217795,7,10
38,What is the mechanism of inflammatory response and pathogenesis of COVID-19 cases?,1.0,10,0.822643416068008,0.7947313674158482,0.017086731602524892,0.9660702947267589,0.02150000906354581,0.006750280761276579,7,10
39,What is the mechanism of cytokine storm syndrome on the COVID-19?,0.4,10,0.8840275810005883,0.8580485513744558,0.004764055008617992,0.9706128743214911,0.005552197484614061,0.001733850808585981,7,10
39,What is the mechanism of cytokine storm syndrome on the COVID-19?,0.5,10,0.8793666247624327,0.8509269372911172,0.0094389004222272,0.9676588959934673,0.01109249220887925,0.004445532374375727,7,10
39,What is the mechanism of cytokine storm syndrome on the COVID-19?,0.55,10,0.8770361466433548,0.8492059487054595,0.011019024817869632,0.9682679008791043,0.012975680204156808,0.005212880516865732,7,10
39,What is the mechanism of cytokine storm syndrome on the COVID-19?,0.6,10,0.8747056685242769,0.8477782729054696,0.012020973095759195,0.9692154783171387,0.014179383312763404,0.005686915873687954,7,10
39,What is the mechanism of cytokine storm syndrome on the COVID-19?,0.65,10,0.8723751904051991,0.8463505971054797,0.013022921379182052,0.970168118504572,0.015387147387525292,0.006160951230510129,7,10
39,What is the mechanism of cytokine storm syndrome on the COVID-19?,0.7,10,0.8702625373486373,0.8448295677072684,0.013903977062574067,0.9707755205471056,0.016457730167171145,0.0065416329891111935,7,10
39,What is the mechanism of cytokine storm syndrome on the COVID-19?,0.8,10,0.8665813566721735,0.8415543122951349,0.015393429151658587,0.9711197982920531,0.018291664515005277,0.007069799890601984,7,10
39,What is the mechanism of cytokine storm syndrome on the COVID-19?,1.0,10,0.8642852545738379,0.8328325475046136,0.01646360552246485,0.9636084187451133,0.019768206191982003,0.00812613369358355,7,10
4,what causes death from Covid-19?,0.4,10,0.9046939423470075,0.8775782302886773,0.004884426560860144,0.9700277510558045,0.005565801876436045,0.0016594084705400883,7,10
4,what causes death from Covid-19?,0.5,10,0.8890156938716004,0.8573246809618899,0.004567934897348675,0.9643526957643476,0.005328127136411847,0.002025767620216858,7,10
4,what causes death from Covid-19?,0.55,10,0.8811765696338968,0.8483500360346498,0.0068411801465826415,0.9627469286741414,0.008064100732004004,0.0034434553659877637,7,10
4,what causes death from Covid-19?,0.6,10,0.8733374453961931,0.839614285402403,0.009745404107737771,0.9613858764769998,0.011607001306638177,0.0048201815127492265,7,10
4,what causes death from Covid-19?,0.65,10,0.8668766399021263,0.8310954241918397,0.010903967891670809,0.9587239820946999,0.013119995098365351,0.005108705081792683,7,10
4,what causes death from Covid-19?,0.7,10,0.8620361003768652,0.8236585862946759,0.00948474005410155,0.9554803864183746,0.011515378109235475,0.004591803325169254,7,10
4,what causes death from Covid-19?,0.8,10,0.8523550213263431,0.810234701100777,0.009321442258230818,0.9505835958354266,0.011504619890467289,0.004052710581305852,7,10
4,what causes death from Covid-19?,1.0,10,0.834076435857081,0.7903299534377161,0.014019317124359585,0.9475509910858326,0.01773856230980421,0.006151121873961385,7,10
40,What are the observed mutations in the SARS-CoV-2 genome and how often do the mutations occur?,0.4,10,0.8777300045341653,0.8678675695752233,0.002106423488727914,0.988763703065869,0.00242712547694218,0.0008668795517012194,7,10
40,What are the observed mutations in the SARS-CoV-2 genome and how often do the mutations occur?,0.5,10,0.8635852644999318,0.848941289546288,0.004544002971359936,0.9830428151618318,0.005352552676273354,0.0019427527948684092,7,10
40,What are the observed mutations in the SARS-CoV-2 genome and how often do the mutations occur?,0.55,10,0.856512894482815,0.8404046238732329,0.0049982384353697935,0.9811931954400889,0.005947419009112604,0.002136994069840486,7,10
40,What are the observed mutations in the SARS-CoV-2 genome and how often do the mutations occur?,0.6,10,0.8494405244656983,0.8318679582001779,0.005452473913982927,0.979312776163377,0.006554494448589955,0.0023312353448125783,7,10
40,What are the observed mutations in the SARS-CoV-2 genome and how often do the mutations occur?,0.65,10,0.8423681544485815,0.8233312925271229,0.005906709403830244,0.9774007815692888,0.007174158758985418,0.002525476619784655,7,10
40,What are the observed mutations in the SARS-CoV-2 genome and how often do the mutations occur?,0.7,10,0.8352957844314647,0.8147946268540679,0.006360944902505108,0.9754564096221907,0.007806807621037948,0.0027197178947567313,7,10
40,What are the observed mutations in the SARS-CoV-2 genome and how often do the mutations occur?,0.8,10,0.8211510443972312,0.7977212955079578,0.007269415919718138,0.9714671873717556,0.009112726412912492,0.0031082004447009004,7,10
40,What are the observed mutations in the SARS-CoV-2 genome and how often do the mutations occur?,1.0,10,0.7928615643287641,0.7653437656576138,0.0069745589311489215,0.9652930600886841,0.0091129754289644,0.002930198507741661,7,10
41,What are the impacts of COVID-19 among African-Americans that differ from the rest of the U.S. population?,0.4,10,0.9137231918939742,0.904319195908732,0.0038328722486075033,0.9897080471759182,0.004238406379017453,0.0013961597741493556,7,10
41,What are the impacts of COVID-19 among African-Americans that differ from the rest of the U.S. population?,0.5,10,0.8921550554072811,0.880399853934148,0.004791534213088215,0.9868238134146237,0.005442452303549123,0.0017453040939528883,7,10
41,What are the impacts of COVID-19 among African-Americans that differ from the rest of the U.S. population?,0.55,10,0.8813709871639346,0.8684401829468559,0.005270865213829801,0.9853287612079367,0.006069347454587267,0.0019198762538546385,7,10
41,What are the impacts of COVID-19 among African-Americans that differ from the rest of the U.S. population?,0.6,10,0.870586918920588,0.8568913547577731,0.0050947561238739066,0.984268584945205,0.005945626707033469,0.0018016799780906645,7,10
41,What are the impacts of COVID-19 among African-Americans that differ from the rest of the U.S. population?,0.65,10,0.8598028506772414,0.8455342934300157,0.004823594973486295,0.9834048500351136,0.005704789280537372,0.0019518507413103078,7,10
41,What are the impacts of COVID-19 among African-Americans that differ from the rest of the U.S. population?,0.7,10,0.849018782433895,0.8341772321022581,0.004838268701510087,0.9825191731458633,0.00580004885690405,0.002102021504529951,7,10
41,What are the impacts of COVID-19 among African-Americans that differ from the rest of the U.S. population?,0.8,10,0.8274506459472016,0.8114631094467436,0.005673282674729581,0.9806785618226731,0.006991424019999666,0.00243090741395375,7,10
41,What are the impacts of COVID-19 among African-Americans that differ from the rest of the U.S. population?,1.0,10,0.7843143729738155,0.7660348641357141,0.009149627615672536,0.9766936454717863,0.011944139939369063,0.004743740465364109,7,10
42,Does Vitamin D impact COVID-19 prevention and treatment?,0.4,10,0.9565374501144451,0.9484535187485613,0.0026831627893004048,0.9915487560210877,0.0028289871208878096,0.0010670388768835462,7,10
42,Does Vitamin D impact COVID-19 prevention and treatment?,0.5,10,0.9456722954113804,0.9355679220076549,0.0033536056546784685,0.9893151428325073,0.0035845667383314034,0.0013336493347988476,7,10
42,Does Vitamin D impact COVID-19 prevention and treatment?,0.55,10,0.9402397180598481,0.9291251236372019,0.003688827089783275,0.9881789779678944,0.0039702156318223315,0.0014669545637564824,7,10
42,Does Vitamin D impact COVID-19 prevention and treatment?,0.6,10,0.9348071407083158,0.9226823252667488,0.00402404852596196,0.9870296075911659,0.004361250254575541,0.0016002597927141332,7,10
42,Does Vitamin D impact COVID-19 prevention and treatment?,0.65,10,0.9293745633567835,0.9162395268962955,0.00435926996296678,0.9858668001273395,0.0047577842201738845,0.0017335650216717996,7,10
42,Does Vitamin D impact COVID-19 prevention and treatment?,0.7,10,0.9239419860052512,0.9097967285258424,0.004694491400620769,0.9846903185549916,0.005159934360532737,0.0018668702506294346,7,10
42,Does Vitamin D impact COVID-19 prevention and treatment?,0.8,10,0.9130768313021864,0.8969111317849362,0.00536493427738942,0.982295356794679,0.005981567278257215,0.002133480708544736,7,10
42,Does Vitamin D impact COVID-19 prevention and treatment?,1.0,10,0.8913465218960571,0.873246131820057,0.003760688601547894,0.9796932061422113,0.004306561992676344,0.0012966020511070747,7,10
43,"How has the COVID-19 pandemic impacted violence in society, including violent crimes?",0.4,10,0.8595188321034252,0.8515533589643581,0.0028425296162824898,0.9907326368643095,0.003338052262208814,0.001016076364557726,7,10
43,"How has the COVID-19 pandemic impacted violence in society, including violent crimes?",0.5,10,0.8342598983214226,0.8248528249473791,0.001734235497160196,0.9887240494323519,0.002102478702513785,0.0008058057336368663,7,10
43,"How has the COVID-19 pandemic impacted violence in society, including violent crimes?",0.55,10,0.8253644739644425,0.8133608726673609,0.001954149939424389,0.9854566053231912,0.0024025620177866303,0.0008047190530162515,7,10
43,"How has the COVID-19 pandemic impacted violence in society, including violent crimes?",0.6,10,0.8176913725140859,0.8021482999532135,0.0039862382209094535,0.9809915169912048,0.004969452931760819,0.0015200091014633107,7,10
43,"How has the COVID-19 pandemic impacted violence in society, including violent crimes?",0.65,10,0.8100182710637295,0.7913441424595947,0.006362661626759227,0.976946040266954,0.008040321884462675,0.002402480676130168,7,10
43,"How has the COVID-19 pandemic impacted violence in society, including violent crimes?",0.7,10,0.8023451696133727,0.7812182191921547,0.007940382547412379,0.9736685017604102,0.010164103130650743,0.0029790995684402083,7,10
43,"How has the COVID-19 pandemic impacted violence in society, including violent crimes?",0.8,10,0.7869989667126595,0.761694025905765,0.010177249946719077,0.9678462845858684,0.013361336180386669,0.0034237746107773797,7,10
43,"How has the COVID-19 pandemic impacted violence in society, including violent crimes?",1.0,10,0.7563065609112329,0.723247382995946,0.014327716663403735,0.9562886538026912,0.019810257182063036,0.0049214133695457685,7,10
44,How much impact do masks have on preventing the spread of the COVID-19?,0.4,10,0.9246081016989846,0.9149519231691532,0.004059439745679477,0.9895564634226242,0.004436779291767204,0.0016705558581574203,7,10
44,How much impact do masks have on preventing the spread of the COVID-19?,0.5,10,0.9057607246374725,0.8936905746747809,0.005074008402708536,0.9866740192697993,0.00567758970106068,0.0020880222745012856,7,10
44,How much impact do masks have on preventing the spread of the COVID-19?,0.55,10,0.8963370361067162,0.8830599004275944,0.005581292738754733,0.9851873400916338,0.006320401069114524,0.002296755482673226,7,10
44,How much impact do masks have on preventing the spread of the COVID-19?,0.6,10,0.8869133475759602,0.8724292261804082,0.006088577078148656,0.9836690681957388,0.006978877936958991,0.002505488690845151,7,10
44,How much impact do masks have on preventing the spread of the COVID-19?,0.65,10,0.877489659045204,0.8624950597821414,0.00600224322661482,0.9829119362165722,0.006959162442195244,0.002702195949593343,7,10
44,How much impact do masks have on preventing the spread of the COVID-19?,0.7,10,0.868065970514448,0.8535954704324276,0.006842448250438728,0.9833301839105101,0.008016031583406101,0.002910019895448368,7,10
44,How much impact do masks have on preventing the spread of the COVID-19?,0.8,10,0.8545794872062205,0.8351853607263919,0.0068292050241607,0.9773056494215283,0.008176873476590974,0.0025850155568601135,7,10
44,How much impact do masks have on preventing the spread of the COVID-19?,1.0,10,0.8309463948961313,0.8006938552734726,0.00835108312582211,0.9635926699863229,0.010429807935730746,0.0032943327488814994,7,10
45,How has the COVID-19 pandemic impacted mental health?,0.4,10,0.9591923559361364,0.9449111453145468,0.004119875472149152,0.985111213060438,0.004360066544434405,0.0014371964532045034,7,10
45,How has the COVID-19 pandemic impacted mental health?,0.5,10,0.9489916004124631,0.931139925581073,0.0051497587896428415,0.9811887957452613,0.00553059604487388,0.0017962858673185192,7,10
45,How has the COVID-19 pandemic impacted mental health?,0.55,10,0.9438912226506263,0.9242543157143359,0.0056647004756971145,0.9791957945311259,0.006128941330740762,0.001975830574375527,7,10
45,How has the COVID-19 pandemic impacted mental health?,0.6,10,0.9387908448887896,0.9173687058475991,0.006179642173888367,0.9771811376753166,0.006736268781022688,0.002155375281432535,7,10
45,How has the COVID-19 pandemic impacted mental health?,0.65,10,0.933690467126953,0.9104830959808623,0.006694583881415972,0.9751444702894935,0.007352782177909525,0.002334919988489575,7,10
45,How has the COVID-19 pandemic impacted mental health?,0.7,10,0.9285900893651163,0.9035974861141253,0.007209525596279175,0.9730854296882722,0.007978691515935232,0.002514464695546551,7,10
45,How has the COVID-19 pandemic impacted mental health?,0.8,10,0.918389333841443,0.8898262663806517,0.008239409042511416,0.9688987378138229,0.009259570495738485,0.0028735541096605983,7,10
45,How has the COVID-19 pandemic impacted mental health?,1.0,10,0.8979878227940962,0.8622838269137041,0.010299175977891172,0.9602399999486643,0.01194406720436135,0.003591732937888646,7,10
46,what evidence is there for dexamethasone as a treatment for COVID-19?,0.4,10,0.9644014567771942,0.8869904824132753,0.011918944548827288,0.9197315870689282,0.013437511208010795,0.003996075504930656,7,10
46,what evidence is there for dexamethasone as a treatment for COVID-19?,0.5,10,0.9555025480516912,0.859310286704418,0.014273279078494114,0.8993280954159535,0.016610157354492113,0.004936816070201007,7,10
46,what evidence is there for dexamethasone as a treatment for COVID-19?,0.55,10,0.9510530936889395,0.84661494483349,0.014380171549548897,0.8901868365199723,0.01698549220906696,0.00507171811371508,7,10
46,what evidence is there for dexamethasone as a treatment for COVID-19?,0.6,10,0.9466036393261881,0.8341998202222474,0.014413435829263285,0.8812556655878145,0.01727815743885351,0.0052530201971513635,7,10
46,what evidence is there for dexamethasone as a treatment for COVID-19?,0.65,10,0.9421541849634365,0.821784695611005,0.0147336134271474,0.8722401372583163,0.01792879997137549,0.0056907909068417695,7,10
46,what evidence is there for dexamethasone as a treatment for COVID-19?,0.7,10,0.9377047306006849,0.8093695709997625,0.015322729210014723,0.8631390506916691,0.018931684312133868,0.006128561616532175,7,10
46,what evidence is there for dexamethasone as a treatment for COVID-19?,0.8,10,0.9288058218751818,0.7845393217772776,0.017184954550669058,0.8446752844349725,0.02190451654066064,0.007004103035912971,7,10
46,what evidence is there for dexamethasone as a treatment for COVID-19?,1.0,10,0.9110080044241755,0.7424630778352622,0.01228021628428715,0.8149907292028173,0.01653983430407281,0.00505883680943231,7,10
47,what are the health outcomes for children who contract COVID-19?,0.4,10,0.9214081226478869,0.9131150923428232,0.0028413234689690084,0.9909996123311441,0.00311168164100638,0.0010416913730634247,7,10
47,what are the health outcomes for children who contract COVID-19?,0.5,10,0.9017610822238881,0.891395004189845,0.0035517743915759706,0.9885046291768561,0.003984512337270774,0.0013022228628794621,7,10
47,what are the health outcomes for children who contract COVID-19?,0.55,10,0.8919375620118887,0.880534960113356,0.003906999877725927,0.9872159191582732,0.00443707524937222,0.0014324886077875046,7,10
47,what are the health outcomes for children who contract COVID-19?,0.6,10,0.8821140417998894,0.8696749160368666,0.004262225374918121,0.9858985061187309,0.0049009409105889865,0.001562754352695547,7,10
47,what are the health outcomes for children who contract COVID-19?,0.65,10,0.8722905215878901,0.8588148719603775,0.004617450880604121,0.984551420319251,0.005376538100771447,0.0016930200976035576,7,10
47,what are the health outcomes for children who contract COVID-19?,0.7,10,0.8624670013758907,0.8479548278838885,0.004972676392963622,0.9831736478394525,0.005864317566742525,0.0018232858425116,7,10
47,what are the health outcomes for children who contract COVID-19?,0.8,10,0.8428199609518922,0.8262347397309103,0.0056831274326975345,0.9803217508016181,0.006878344808581186,0.002083817332327637,7,10
47,what are the health outcomes for children who contract COVID-19?,1.0,10,0.8035258801038948,0.7839179363131176,0.006296981497740073,0.9755976200937773,0.008032704963169629,0.0025615027217907554,7,10
48,what are the benefits and risks of re-opening schools in the midst of the COVID-19 pandemic?,0.4,10,0.9016711831439385,0.8895603226608444,0.004916328153138751,0.9865684290354428,0.005526694511770801,0.0023471718685735992,7,10
48,what are the benefits and risks of re-opening schools in the midst of the COVID-19 pandemic?,0.5,10,0.8770903362002377,0.8619511636020999,0.00614583521957869,0.9827393234501656,0.0071301431903580265,0.0029341563051901325,7,10
48,what are the benefits and risks of re-opening schools in the midst of the COVID-19 pandemic?,0.55,10,0.8647999127283873,0.8481465840727275,0.006760588755584784,0.9807431425344162,0.007971014542228082,0.0032276485234984226,7,10
48,what are the benefits and risks of re-opening schools in the midst of the COVID-19 pandemic?,0.6,10,0.852509489256537,0.8347980264754512,0.006824550730968801,0.9792243218353712,0.008175092075603378,0.0030651188097108157,7,10
48,what are the benefits and risks of re-opening schools in the midst of the COVID-19 pandemic?,0.65,10,0.8402190657846864,0.8219821041540635,0.0067259944627446515,0.9782949918976294,0.008182653160881959,0.0029500728714056796,7,10
48,what are the benefits and risks of re-opening schools in the midst of the COVID-19 pandemic?,0.7,10,0.8279286423128361,0.8095053534376611,0.006978687426453075,0.9777477333992103,0.008620928072701739,0.0030634314807824114,7,10
48,what are the benefits and risks of re-opening schools in the midst of the COVID-19 pandemic?,0.8,10,0.8033477953691355,0.7850902593955567,0.008899321645804816,0.9772731859366222,0.011335412125296816,0.003501145863467281,7,10
48,what are the benefits and risks of re-opening schools in the midst of the COVID-19 pandemic?,1.0,10,0.7599902168329341,0.7385878762138592,0.011803370610163719,0.9718386629919216,0.015980996967713608,0.00428692994879606,7,10
49,"do individuals who recover from COVID-19 show sufficient immune response, including antibody levels and T-cell mediated immunity, to prevent re-infection?",0.4,10,0.8940742327825738,0.8705066998513732,0.0023269151102064903,0.9736402951040735,0.002673058243668634,0.0010155750501432692,7,10
49,"do individuals who recover from COVID-19 show sufficient immune response, including antibody levels and T-cell mediated immunity, to prevent re-infection?",0.5,10,0.8697080134971964,0.8434596197466141,0.002908907518467249,0.9698193033256823,0.003448781009031732,0.0012695955455089042,7,10
49,"do individuals who recover from COVID-19 show sufficient immune response, including antibody levels and T-cell mediated immunity, to prevent re-infection?",0.55,10,0.8575249038545075,0.8299360796942347,0.0031999039449194886,0.9678273784979734,0.003855602887030045,0.0013966057931917217,7,10
49,"do individuals who recover from COVID-19 show sufficient immune response, including antibody levels and T-cell mediated immunity, to prevent re-infection?",0.6,10,0.8453417942118188,0.8164125396418551,0.0034909004701665176,0.9657780382230636,0.00427590256232212,0.0015236160408745234,7,10
49,"do individuals who recover from COVID-19 show sufficient immune response, including antibody levels and T-cell mediated immunity, to prevent re-infection?",0.65,10,0.83315868456913,0.8028889995894757,0.0037818970714031393,0.963668763777805,0.004710361050328074,0.001650626288557341,7,10
49,"do individuals who recover from COVID-19 show sufficient immune response, including antibody levels and T-cell mediated immunity, to prevent re-infection?",0.7,10,0.8209755749264414,0.7893654595370962,0.004072893732341674,0.9614968869297027,0.005159706043801462,0.0017776365362401744,7,10
49,"do individuals who recover from COVID-19 show sufficient immune response, including antibody levels and T-cell mediated immunity, to prevent re-infection?",0.8,10,0.7966093556410638,0.762318379432337,0.004654887188537711,0.9569538369516996,0.006106224530496023,0.0020316570316057775,7,10
49,"do individuals who recover from COVID-19 show sufficient immune response, including antibody levels and T-cell mediated immunity, to prevent re-infection?",1.0,10,0.7481124655534872,0.7081232698728855,0.005613198778133116,0.9465465454435171,0.007926866715085829,0.0024387486724033775,7,10
5,what drugs have been active against SARS-CoV or SARS-CoV-2 in animal studies?,0.4,10,0.8953670776775556,0.8753353391301527,0.0026050371461740934,0.9776273452008508,0.002976044756473328,0.0012066348834260626,7,10
5,what drugs have been active against SARS-CoV or SARS-CoV-2 in animal studies?,0.5,10,0.8692097847430139,0.8441708538047544,0.0032555854919692063,0.9711934548163624,0.0038565480877431244,0.0015078778013177807,7,10
5,what drugs have been active against SARS-CoV or SARS-CoV-2 in animal studies?,0.55,10,0.8561311382757432,0.8285886111420554,0.003580859745846584,0.9678290790951037,0.004321637659140685,0.0016584992602636398,7,10
5,what drugs have been active against SARS-CoV or SARS-CoV-2 in animal studies?,0.6,10,0.8430524918084722,0.8130063684793563,0.003906134035728106,0.9643603172743579,0.004804555274313685,0.0018091207192094988,7,10
5,what drugs have been active against SARS-CoV or SARS-CoV-2 in animal studies?,0.65,10,0.8299738453412013,0.7974241258166572,0.004231408353310696,0.9607822346363663,0.005306346041358142,0.0019597421781553737,7,10
5,what drugs have been active against SARS-CoV or SARS-CoV-2 in animal studies?,0.7,10,0.8168951988739305,0.7818418831539582,0.00455668269266214,0.9570895804403154,0.005828138388136019,0.0021103636371012486,7,10
5,what drugs have been active against SARS-CoV or SARS-CoV-2 in animal studies?,0.8,10,0.7907379059393888,0.75067739782856,0.005207231420353696,0.9493378174867724,0.006936710010740093,0.002411606554992967,7,10
5,what drugs have been active against SARS-CoV or SARS-CoV-2 in animal studies?,1.0,10,0.7405165929369869,0.6916418427933344,0.008372489011499682,0.933999115469096,0.012105237846347908,0.002947845003930765,7,10
50,what is known about an mRNA vaccine for the SARS-CoV-2 virus?,0.4,10,0.9362239305496128,0.8971083411048876,0.004882514799314812,0.9582198359085284,0.005442502957113807,0.002260870121148966,7,10
50,what is known about an mRNA vaccine for the SARS-CoV-2 virus?,0.5,10,0.9202819531214715,0.8713873365436742,0.006104225177508142,0.9468699604377186,0.007005180040509111,0.0028266157387948354,7,10
50,what is known about an mRNA vaccine for the SARS-CoV-2 virus?,0.55,10,0.9123109644074009,0.8585268342630675,0.006715080370072622,0.9410462745240935,0.007821631313174544,0.0031094885476177702,7,10
50,what is known about an mRNA vaccine for the SARS-CoV-2 virus?,0.6,10,0.9043399756933304,0.8456663319824608,0.007325935564177878,0.9351199269214144,0.008662915014015029,0.0033923613564407046,7,10
50,what is known about an mRNA vaccine for the SARS-CoV-2 virus?,0.65,10,0.8963689869792598,0.8328058297018541,0.007936790759468152,0.929088178863024,0.00953018155781827,0.003675234165263624,7,10
50,what is known about an mRNA vaccine for the SARS-CoV-2 virus?,0.7,10,0.8883979982651892,0.8199453274212475,0.00854764595568943,0.9229481932899308,0.010424653534610693,0.003958106974086574,7,10
50,what is known about an mRNA vaccine for the SARS-CoV-2 virus?,0.8,10,0.8724560208370479,0.7944327461278535,0.009589800273453224,0.9105705355390434,0.01207125501836989,0.004315429323912918,7,10
50,what is known about an mRNA vaccine for the SARS-CoV-2 virus?,1.0,10,0.8405720659807656,0.7438044201267863,0.011511365145302783,0.8848788226847957,0.015476333339536482,0.00526729449005982,7,10
6,what types of rapid testing for Covid-19 have been developed?,0.4,10,0.9340676934785205,0.9175005999715814,0.00633088599003575,0.9822634980070424,0.006900143705880784,0.0022313560138342214,7,10
6,what types of rapid testing for Covid-19 have been developed?,0.5,10,0.917585120495206,0.8968762869967735,0.00791379656390223,0.9774311581172368,0.008823732635859843,0.002789286112079324,7,10
6,what types of rapid testing for Covid-19 have been developed?,0.55,10,0.9093438340035488,0.8865641305093696,0.008705251851075513,0.9749492956983196,0.00981908871733167,0.0030682511612018753,7,10
6,what types of rapid testing for Covid-19 have been developed?,0.6,10,0.9011025475118917,0.8762519740219655,0.009496707138355435,0.972422036139457,0.010837872461234964,0.003347216210324427,7,10
6,what types of rapid testing for Covid-19 have been developed?,0.65,10,0.8928612610202346,0.8659398175345616,0.010288162425717468,0.9698481223668379,0.011880920841599762,0.003626181259446978,7,10
6,what types of rapid testing for Covid-19 have been developed?,0.7,10,0.8846199745285773,0.8556276610471577,0.01107961771314399,0.9672262504621039,0.01294911118182438,0.003905146308569561,7,10
6,what types of rapid testing for Covid-19 have been developed?,0.8,10,0.8681374015452629,0.8350033480723498,0.01266252828814201,0.9618331690191722,0.01516464373151813,0.004463076406814663,7,10
6,what types of rapid testing for Covid-19 have been developed?,1.0,10,0.8351722555786342,0.7937547221227338,0.015828349438515174,0.9504083939819038,0.019941109006804403,0.005578936603304869,7,10
7,are there serological tests that detect antibodies to coronavirus?,0.4,10,0.9337347753318618,0.9112618684110682,0.007732830143388521,0.9759322373820698,0.008485848482689127,0.002678352953298451,7,10
7,are there serological tests that detect antibodies to coronavirus?,0.5,10,0.9171692929690876,0.8890780630865948,0.009665932264341601,0.969371815980063,0.010871860037559104,0.003348008234409156,7,10
7,are there serological tests that detect antibodies to coronavirus?,0.55,10,0.9088865517877004,0.877986160424358,0.010632483327459114,0.9660019269703528,0.012110080781136805,0.003682835874964493,7,10
7,are there serological tests that detect antibodies to coronavirus?,0.6,10,0.9006038106063133,0.8668942577621211,0.011599034391750418,0.9625700530608482,0.013379987568141481,0.00401766351551983,7,10
7,are there serological tests that detect antibodies to coronavirus?,0.65,10,0.8923210694249263,0.8558023550998844,0.012565585456944648,0.959074468174805,0.014682812429837334,0.004352491156075167,7,10
7,are there serological tests that detect antibodies to coronavirus?,0.7,10,0.8840383282435392,0.8447104524376478,0.013532136522848395,0.9555133815475733,0.016019852108847047,0.00468731879663052,7,10
7,are there serological tests that detect antibodies to coronavirus?,0.8,10,0.8674728458807649,0.8225266471131741,0.015465238656252092,0.9481871980419677,0.0188021126252025,0.0053569740777412245,7,10
7,are there serological tests that detect antibodies to coronavirus?,1.0,10,0.8343418811552165,0.7781590364642271,0.019331442927209796,0.9326620825827424,0.024842534779326544,0.006696284639962603,7,10
8,how has lack of testing availability led to underreporting of true incidence of Covid-19?,0.4,10,0.902977550940105,0.8915816773352002,0.002551539561129276,0.9873796711855789,0.00286181246877508,0.0011402187894091118,7,10
8,how has lack of testing availability led to underreporting of true incidence of Covid-19?,0.5,10,0.8857178659164776,0.8734230500939199,0.0047474848782821846,0.9861188124394037,0.005435493003959174,0.0022694336227029005,7,10
8,how has lack of testing availability led to underreporting of true incidence of Covid-19?,0.55,10,0.877088023404664,0.8646920476869122,0.0053222788493247665,0.985866896609039,0.006155114833728478,0.0025477964087709604,7,10
8,how has lack of testing availability led to underreporting of true incidence of Covid-19?,0.6,10,0.8684581808928501,0.8559719706875384,0.005876434316753475,0.9856225544533707,0.006865218158993424,0.0028152337872048294,7,10
8,how has lack of testing availability led to underreporting of true incidence of Covid-19?,0.65,10,0.8598283383810364,0.8472847303290763,0.0063661404988187825,0.9854114972814475,0.0075135786954950105,0.0030498345247271796,7,10
8,how has lack of testing availability led to underreporting of true incidence of Covid-19?,0.7,10,0.851264008822857,0.838569412990485,0.006817214190208817,0.9850873575050749,0.008129576496115497,0.0032563582821206116,7,10
8,how has lack of testing availability led to underreporting of true incidence of Covid-19?,0.8,10,0.8356992819599139,0.8204685216332674,0.006959782031887355,0.9817748313832139,0.008482692325639562,0.0030264479183470367,7,10
8,how has lack of testing availability led to underreporting of true incidence of Covid-19?,1.0,10,0.8045698282340279,0.7908541206230831,0.004671997980294664,0.982952744274478,0.005907534472493838,0.0017928273315886184,7,10
9,how has COVID-19 affected Canada,0.4,10,0.8936156446083686,0.8801509582850152,0.005153911162428099,0.9849323516160526,0.005855712720543482,0.0022139099064868756,7,10
9,how has COVID-19 affected Canada,0.5,10,0.8670215387099098,0.8511360197223602,0.005977246527032086,0.9816780572588928,0.007022668984191103,0.0025966294905915366,7,10
9,how has COVID-19 affected Canada,0.55,10,0.8537244857606803,0.8371808233651337,0.006927320328834659,0.9806217782534303,0.008274580754238479,0.002856262347249783,7,10
9,how has COVID-19 affected Canada,0.6,10,0.8404274328114508,0.8242250992564604,0.007747241272710323,0.98072131760289,0.009399424113266107,0.0030501444927665583,7,10
9,how has COVID-19 affected Canada,0.65,10,0.8275596434930249,0.8114907883565606,0.009306897643664405,0.9805828434689738,0.01146888883669626,0.0035445037462693563,7,10
9,how has COVID-19 affected Canada,0.7,10,0.815965916835792,0.798210450601864,0.011007669456943507,0.9782399413166897,0.013790435152338009,0.00381715773905538,7,10
9,how has COVID-19 affected Canada,0.8,10,0.7971437198378428,0.7737712513300622,0.009760439766793718,0.9706797307359643,0.012614115282799872,0.0035790770820168633,7,10
9,how has COVID-19 affected Canada,1.0,10,0.7718879477133141,0.7269921167409003,0.011322263964850494,0.9418363363420611,0.015574122062847272,0.004315134935689928,7,10
