head_k,query_id,query_text,tau_method,head_mean,tail_mean,tail_std,tail_to_head_ratio,tail_cv,tail_decay_rate,n_tail_items,total_items
3,1,integer overflow leading to heap corruption in video codec,Cosine (τ=1.0),0.874024,0.856441,0.004470,0.979882,0.005220,0.000651,22,25
3,1,integer overflow leading to heap corruption in video codec,hybrid (τ=0.72),0.907680,0.895973,0.003010,0.987102,0.003360,0.000445,22,25
3,1,integer overflow leading to heap corruption in video codec,taumode (τ=0.42),0.946120,0.939286,0.001750,0.992777,0.001864,0.000256,22,25
3,2,symlink attack in installer cleanup routine,Cosine (τ=1.0),0.838915,0.824736,0.004942,0.983098,0.005992,0.000758,22,25
3,2,symlink attack in installer cleanup routine,hybrid (τ=0.72),0.883941,0.872833,0.002930,0.987434,0.003357,0.000423,22,25
3,2,symlink attack in installer cleanup routine,taumode (τ=0.42),0.932183,0.925665,0.001764,0.993008,0.001906,0.000255,22,25
3,3,privilege escalation via writable system service configuration,Cosine (τ=1.0),0.801188,0.783967,0.004439,0.978506,0.005662,0.000698,22,25
3,3,privilege escalation via writable system service configuration,hybrid (τ=0.72),0.832463,0.816000,0.005283,0.980224,0.006475,0.000853,22,25
3,3,privilege escalation via writable system service configuration,taumode (τ=0.42),0.895262,0.883964,0.002259,0.987380,0.002556,0.000363,22,25
3,4,memory disclosure via uninitialized stack buffer,Cosine (τ=1.0),0.830855,0.819049,0.002419,0.985790,0.002953,0.000356,22,25
3,4,memory disclosure via uninitialized stack buffer,hybrid (τ=0.72),0.850552,0.829884,0.004587,0.975701,0.005528,0.000819,22,25
3,4,memory disclosure via uninitialized stack buffer,taumode (τ=0.42),0.909642,0.893137,0.004810,0.981855,0.005385,0.000669,22,25
3,5,buffer underflow in font parsing component,Cosine (τ=1.0),0.822391,0.815298,0.003380,0.991375,0.004145,0.000462,22,25
3,5,buffer underflow in font parsing component,hybrid (τ=0.72),0.862955,0.848238,0.004508,0.982946,0.005314,0.000689,22,25
3,5,buffer underflow in font parsing component,taumode (τ=0.42),0.913411,0.907083,0.001966,0.993072,0.002167,0.000308,22,25
3,6,out-of-bounds read in PDF rendering engine,Cosine (τ=1.0),0.812363,0.799277,0.004096,0.983892,0.005125,0.000673,22,25
3,6,out-of-bounds read in PDF rendering engine,hybrid (τ=0.72),0.864873,0.855218,0.003154,0.988836,0.003688,0.000518,22,25
3,6,out-of-bounds read in PDF rendering engine,taumode (τ=0.42),0.921135,0.915507,0.001849,0.993890,0.002020,0.000304,22,25
3,7,LDAP injection in enterprise directory search feature,Cosine (τ=1.0),0.772421,0.746268,0.004624,0.966141,0.006197,0.000838,22,25
3,7,LDAP injection in enterprise directory search feature,hybrid (τ=0.72),0.836090,0.815493,0.003904,0.975365,0.004788,0.000720,22,25
3,7,LDAP injection in enterprise directory search feature,taumode (τ=0.42),0.904307,0.892282,0.002281,0.986703,0.002556,0.000419,22,25
3,8,local privilege escalation via race condition in kernel,Cosine (τ=1.0),0.891783,0.879507,0.002402,0.986234,0.002731,0.000406,22,25
3,8,local privilege escalation via race condition in kernel,hybrid (τ=0.72),0.896905,0.890643,0.002649,0.993018,0.002974,0.000374,22,25
3,8,local privilege escalation via race condition in kernel,taumode (τ=0.42),0.936798,0.931257,0.002310,0.994085,0.002480,0.000317,22,25
3,9,host header injection in password reset workflow,Cosine (τ=1.0),0.824504,0.813934,0.003308,0.987180,0.004064,0.000508,22,25
3,9,host header injection in password reset workflow,hybrid (τ=0.72),0.872786,0.864533,0.002346,0.990544,0.002713,0.000353,22,25
3,9,host header injection in password reset workflow,taumode (τ=0.42),0.925751,0.920902,0.001383,0.994762,0.001502,0.000205,22,25
3,10,insecure direct object reference IDOR in invoice download,Cosine (τ=1.0),0.853608,0.841414,0.003632,0.985715,0.004317,0.000466,22,25
3,10,insecure direct object reference IDOR in invoice download,hybrid (τ=0.72),0.872027,0.857006,0.004834,0.982774,0.005641,0.000715,22,25
3,10,insecure direct object reference IDOR in invoice download,taumode (τ=0.42),0.920680,0.909588,0.003153,0.987952,0.003467,0.000494,22,25
3,11,sensitive information disclosure in cloud metadata service,Cosine (τ=1.0),0.868909,0.857482,0.002129,0.986848,0.002483,0.000406,22,25
3,11,sensitive information disclosure in cloud metadata service,hybrid (τ=0.72),0.847245,0.816537,0.009321,0.963756,0.011415,0.001406,22,25
3,11,sensitive information disclosure in cloud metadata service,taumode (τ=0.42),0.902762,0.859350,0.012661,0.951913,0.014733,0.002012,22,25
3,12,unsafe deserialization in Java RMI service,Cosine (τ=1.0),0.779142,0.768489,0.002764,0.986328,0.003596,0.000476,22,25
3,12,unsafe deserialization in Java RMI service,hybrid (τ=0.72),0.826300,0.815885,0.002946,0.987396,0.003611,0.000457,22,25
3,12,unsafe deserialization in Java RMI service,taumode (τ=0.42),0.895914,0.887735,0.001825,0.990871,0.002055,0.000287,22,25
3,13,improper certificate validation in mobile banking application,Cosine (τ=1.0),0.870028,0.852956,0.003607,0.980377,0.004229,0.000561,22,25
3,13,improper certificate validation in mobile banking application,hybrid (τ=0.72),0.873170,0.858004,0.004304,0.982631,0.005016,0.000612,22,25
3,13,improper certificate validation in mobile banking application,taumode (τ=0.42),0.917122,0.909558,0.003099,0.991753,0.003408,0.000502,22,25
3,14,race condition in temporary file creation,Cosine (τ=1.0),0.786954,0.776711,0.003302,0.986984,0.004251,0.000570,22,25
3,14,race condition in temporary file creation,hybrid (τ=0.72),0.845007,0.837014,0.001877,0.990540,0.002243,0.000324,22,25
3,14,race condition in temporary file creation,taumode (τ=0.42),0.909311,0.904636,0.001139,0.994860,0.001259,0.000192,22,25
3,15,path canonicalization bypass in file download servlet,Cosine (τ=1.0),0.842743,0.830796,0.004510,0.985823,0.005429,0.000666,22,25
3,15,path canonicalization bypass in file download servlet,hybrid (τ=0.72),0.885726,0.874182,0.004308,0.986968,0.004928,0.000653,22,25
3,15,path canonicalization bypass in file download servlet,taumode (τ=0.42),0.933154,0.926369,0.002609,0.992729,0.002816,0.000388,22,25
3,16,sandbox escape in browser extension messaging interface,Cosine (τ=1.0),0.846621,0.835693,0.003068,0.987092,0.003671,0.000534,22,25
3,16,sandbox escape in browser extension messaging interface,hybrid (τ=0.72),0.872480,0.856537,0.003150,0.981727,0.003678,0.000446,22,25
3,16,sandbox escape in browser extension messaging interface,taumode (τ=0.42),0.918896,0.907250,0.001840,0.987326,0.002028,0.000327,22,25
3,17,prototype pollution in Node.js configuration merge utility,Cosine (τ=1.0),0.870890,0.862894,0.002137,0.990819,0.002476,0.000289,22,25
3,17,prototype pollution in Node.js configuration merge utility,hybrid (τ=0.72),0.906994,0.901059,0.001639,0.993456,0.001819,0.000230,22,25
3,17,prototype pollution in Node.js configuration merge utility,taumode (τ=0.42),0.945677,0.942221,0.000967,0.996345,0.001026,0.000136,22,25
3,18,request smuggling in reverse proxy parser,Cosine (τ=1.0),0.853862,0.843563,0.002933,0.987939,0.003477,0.000403,22,25
3,18,request smuggling in reverse proxy parser,hybrid (τ=0.72),0.894766,0.887309,0.002118,0.991665,0.002387,0.000294,22,25
3,18,request smuggling in reverse proxy parser,taumode (τ=0.42),0.938592,0.934182,0.001242,0.995301,0.001329,0.000173,22,25
3,19,insecure default permissions in container runtime socket,Cosine (τ=1.0),0.847658,0.838305,0.002339,0.988965,0.002790,0.000379,22,25
3,19,insecure default permissions in container runtime socket,hybrid (τ=0.72),0.889443,0.882832,0.001354,0.992567,0.001534,0.000202,22,25
3,19,insecure default permissions in container runtime socket,taumode (τ=0.42),0.935467,0.931562,0.000792,0.995825,0.000850,0.000109,22,25
3,20,heap use-after-free in media streaming server,Cosine (τ=1.0),0.873441,0.860973,0.002867,0.985725,0.003330,0.000419,22,25
3,20,heap use-after-free in media streaming server,hybrid (τ=0.72),0.888144,0.877306,0.003405,0.987797,0.003881,0.000550,22,25
3,20,heap use-after-free in media streaming server,taumode (τ=0.42),0.932026,0.923880,0.002298,0.991259,0.002488,0.000381,22,25
3,21,business logic bypass in coupon redemption API,Cosine (τ=1.0),0.847678,0.832517,0.004567,0.982114,0.005485,0.000593,22,25
3,21,business logic bypass in coupon redemption API,hybrid (τ=0.72),0.890260,0.878405,0.003204,0.986685,0.003647,0.000424,22,25
3,21,business logic bypass in coupon redemption API,taumode (τ=0.42),0.935883,0.928964,0.001869,0.992608,0.002012,0.000248,22,25
3,22,heap buffer overflow in image processing library,Cosine (τ=1.0),0.826546,0.816229,0.003350,0.987518,0.004105,0.000478,22,25
3,22,heap buffer overflow in image processing library,hybrid (τ=0.72),0.845554,0.834638,0.003112,0.987091,0.003728,0.000483,22,25
3,22,heap buffer overflow in image processing library,taumode (τ=0.42),0.904165,0.898621,0.002263,0.993867,0.002518,0.000342,22,25
3,23,double free vulnerability in archive extraction library,Cosine (τ=1.0),0.839830,0.829070,0.003137,0.987187,0.003783,0.000616,22,25
3,23,double free vulnerability in archive extraction library,hybrid (τ=0.72),0.882464,0.874429,0.002331,0.990895,0.002666,0.000297,22,25
3,23,double free vulnerability in archive extraction library,taumode (τ=0.42),0.931333,0.926483,0.001371,0.994792,0.001479,0.000171,22,25
3,24,improper signature verification in software update channel,Cosine (τ=1.0),0.864175,0.857853,0.002119,0.992684,0.002471,0.000320,22,25
3,24,improper signature verification in software update channel,hybrid (τ=0.72),0.890991,0.875238,0.004039,0.982319,0.004615,0.000570,22,25
3,24,improper signature verification in software update channel,taumode (τ=0.42),0.932280,0.920786,0.003094,0.987671,0.003360,0.000484,22,25
3,25,authentication brute force due to missing rate limiting,Cosine (τ=1.0),0.844737,0.833171,0.002751,0.986308,0.003302,0.000425,22,25
3,25,authentication brute force due to missing rate limiting,hybrid (τ=0.72),0.857195,0.841728,0.004639,0.981956,0.005512,0.000726,22,25
3,25,authentication brute force due to missing rate limiting,taumode (τ=0.42),0.910471,0.901328,0.002900,0.989958,0.003217,0.000436,22,25
3,26,authentication bypass via JWT token manipulation,Cosine (τ=1.0),0.820232,0.810071,0.003671,0.987611,0.004531,0.000534,22,25
3,26,authentication bypass via JWT token manipulation,hybrid (τ=0.72),0.850193,0.834324,0.004179,0.981335,0.005008,0.000712,22,25
3,26,authentication bypass via JWT token manipulation,taumode (τ=0.42),0.906636,0.897472,0.002728,0.989893,0.003039,0.000405,22,25
3,27,use-after-free vulnerability in browser rendering engine,Cosine (τ=1.0),0.861725,0.850307,0.003156,0.986750,0.003712,0.000513,22,25
3,27,use-after-free vulnerability in browser rendering engine,hybrid (τ=0.72),0.900425,0.892081,0.002376,0.990733,0.002664,0.000382,22,25
3,27,use-after-free vulnerability in browser rendering engine,taumode (τ=0.42),0.941889,0.937015,0.001395,0.994825,0.001488,0.000224,22,25
3,28,hardcoded credentials in firmware update mechanism,Cosine (τ=1.0),0.840261,0.829516,0.003558,0.987213,0.004289,0.000533,22,25
3,28,hardcoded credentials in firmware update mechanism,hybrid (τ=0.72),0.884881,0.877093,0.002659,0.991199,0.003032,0.000385,22,25
3,28,hardcoded credentials in firmware update mechanism,taumode (τ=0.42),0.932688,0.928188,0.001591,0.995175,0.001714,0.000232,22,25
3,29,authorization bypass in GraphQL mutation resolver,Cosine (τ=1.0),0.828002,0.812759,0.003926,0.981592,0.004831,0.000624,22,25
3,29,authorization bypass in GraphQL mutation resolver,hybrid (τ=0.72),0.876061,0.865083,0.002822,0.987469,0.003262,0.000450,22,25
3,29,authorization bypass in GraphQL mutation resolver,taumode (τ=0.42),0.927554,0.921147,0.001636,0.993093,0.001776,0.000261,22,25
3,30,XML external entity XXE injection in SOAP parser,Cosine (τ=1.0),0.811890,0.803294,0.003382,0.989412,0.004210,0.000564,22,25
3,30,XML external entity XXE injection in SOAP parser,hybrid (τ=0.72),0.848734,0.836868,0.003518,0.986020,0.004204,0.000527,22,25
3,30,XML external entity XXE injection in SOAP parser,taumode (τ=0.42),0.908884,0.898568,0.001922,0.988650,0.002139,0.000330,22,25
3,31,improper access control in REST API DELETE method,Cosine (τ=1.0),0.875125,0.864203,0.003271,0.987520,0.003786,0.000526,22,25
3,31,improper access control in REST API DELETE method,hybrid (τ=0.72),0.891202,0.875999,0.005011,0.982941,0.005720,0.000774,22,25
3,31,improper access control in REST API DELETE method,taumode (τ=0.42),0.932797,0.921332,0.002965,0.987709,0.003218,0.000488,22,25
3,32,arbitrary file upload leading to remote code execution,Cosine (τ=1.0),0.874936,0.863298,0.002431,0.986697,0.002816,0.000367,22,25
3,32,arbitrary file upload leading to remote code execution,hybrid (τ=0.72),0.886215,0.871570,0.003520,0.983475,0.004039,0.000558,22,25
3,32,arbitrary file upload leading to remote code execution,taumode (τ=0.42),0.929899,0.918685,0.003163,0.987941,0.003443,0.000569,22,25
3,33,open redirect in single sign-on logout flow,Cosine (τ=1.0),0.884779,0.872303,0.002258,0.985900,0.002588,0.000405,22,25
3,33,open redirect in single sign-on logout flow,hybrid (τ=0.72),0.889032,0.868076,0.005913,0.976427,0.006811,0.000961,22,25
3,33,open redirect in single sign-on logout flow,taumode (τ=0.42),0.930245,0.912921,0.004115,0.981377,0.004507,0.000558,22,25
3,34,cross-tenant data exposure in multi-tenant storage service,Cosine (τ=1.0),0.877602,0.865387,0.003066,0.986081,0.003543,0.000454,22,25
3,34,cross-tenant data exposure in multi-tenant storage service,hybrid (τ=0.72),0.908614,0.902625,0.002051,0.993409,0.002272,0.000326,22,25
3,34,cross-tenant data exposure in multi-tenant storage service,taumode (τ=0.42),0.946517,0.943105,0.001210,0.996395,0.001283,0.000197,22,25
3,35,stack-based buffer overflow in DHCP client,Cosine (τ=1.0),0.739892,0.730225,0.003124,0.986935,0.004278,0.000525,22,25
3,35,stack-based buffer overflow in DHCP client,hybrid (τ=0.72),0.803823,0.796841,0.002235,0.991314,0.002805,0.000380,22,25
3,35,stack-based buffer overflow in DHCP client,taumode (τ=0.42),0.875840,0.870616,0.001513,0.994035,0.001737,0.000269,22,25
3,36,server-side request forgery SSRF in URL preview feature,Cosine (τ=1.0),0.868085,0.859010,0.003234,0.989546,0.003764,0.000443,22,25
3,36,server-side request forgery SSRF in URL preview feature,hybrid (τ=0.72),0.896713,0.889402,0.003240,0.991847,0.003643,0.000457,22,25
3,36,server-side request forgery SSRF in URL preview feature,taumode (τ=0.42),0.938791,0.929108,0.002483,0.989686,0.002672,0.000455,22,25
3,37,NoSQL injection in user search API,Cosine (τ=1.0),0.840533,0.834401,0.001869,0.992706,0.002239,0.000313,22,25
3,37,NoSQL injection in user search API,hybrid (τ=0.72),0.885158,0.880738,0.001342,0.995007,0.001523,0.000225,22,25
3,37,NoSQL injection in user search API,taumode (τ=0.42),0.932971,0.930385,0.000778,0.997228,0.000836,0.000130,22,25
3,38,improper input validation in SAML assertion processing,Cosine (τ=1.0),0.800537,0.784616,0.006157,0.980113,0.007847,0.000908,22,25
3,38,improper input validation in SAML assertion processing,hybrid (τ=0.72),0.834841,0.812296,0.005406,0.972994,0.006655,0.000938,22,25
3,38,improper input validation in SAML assertion processing,taumode (τ=0.42),0.892832,0.882006,0.002856,0.987875,0.003238,0.000397,22,25
3,39,denial of service via malformed network packets,Cosine (τ=1.0),0.896394,0.887720,0.002235,0.990323,0.002518,0.000367,22,25
3,39,denial of service via malformed network packets,hybrid (τ=0.72),0.911764,0.905978,0.001661,0.993654,0.001834,0.000256,22,25
3,39,denial of service via malformed network packets,taumode (τ=0.42),0.943601,0.934501,0.002548,0.990357,0.002726,0.000471,22,25
3,40,remote code execution in ERP web component,Cosine (τ=1.0),0.861214,0.854022,0.002049,0.991648,0.002399,0.000278,22,25
3,40,remote code execution in ERP web component,hybrid (τ=0.72),0.900064,0.894685,0.001425,0.994024,0.001593,0.000207,22,25
3,40,remote code execution in ERP web component,taumode (τ=0.42),0.941689,0.938542,0.000835,0.996658,0.000890,0.000120,22,25
3,41,null pointer dereference in Bluetooth service,Cosine (τ=1.0),0.862057,0.845654,0.003279,0.980972,0.003877,0.000571,22,25
3,41,null pointer dereference in Bluetooth service,hybrid (τ=0.72),0.870452,0.854912,0.004865,0.982147,0.005691,0.000675,22,25
3,41,null pointer dereference in Bluetooth service,taumode (τ=0.42),0.922605,0.907161,0.003517,0.983261,0.003877,0.000501,22,25
3,42,stored cross-site scripting XSS in user profile page,Cosine (τ=1.0),0.871019,0.866987,0.001754,0.995371,0.002023,0.000259,22,25
3,42,stored cross-site scripting XSS in user profile page,hybrid (τ=0.72),0.907113,0.903890,0.001340,0.996447,0.001483,0.000209,22,25
3,42,stored cross-site scripting XSS in user profile page,taumode (τ=0.42),0.945784,0.943890,0.000779,0.997998,0.000826,0.000123,22,25
3,43,format string vulnerability in logging daemon,Cosine (τ=1.0),0.851714,0.837121,0.003415,0.982865,0.004079,0.000618,22,25
3,43,format string vulnerability in logging daemon,hybrid (τ=0.72),0.893176,0.882108,0.002077,0.987608,0.002355,0.000365,22,25
3,43,format string vulnerability in logging daemon,taumode (τ=0.42),0.937599,0.931144,0.001218,0.993116,0.001308,0.000214,22,25
3,44,cross-site request forgery CSRF in admin password change form,Cosine (τ=1.0),0.890687,0.881133,0.002891,0.989273,0.003282,0.000564,22,25
3,44,cross-site request forgery CSRF in admin password change form,hybrid (τ=0.72),0.880956,0.868234,0.002716,0.985559,0.003128,0.000506,22,25
3,44,cross-site request forgery CSRF in admin password change form,taumode (τ=0.42),0.923933,0.917846,0.002085,0.993412,0.002271,0.000322,22,25
3,45,authenticated arbitrary file read path traversal,Cosine (τ=1.0),0.865199,0.848638,0.004029,0.980858,0.004748,0.000660,22,25
3,45,authenticated arbitrary file read path traversal,hybrid (τ=0.72),0.898506,0.890418,0.002947,0.990999,0.003310,0.000468,22,25
3,45,authenticated arbitrary file read path traversal,taumode (τ=0.42),0.940702,0.935806,0.001745,0.994795,0.001864,0.000280,22,25
3,46,OS command injection in diagnostic CGI script,Cosine (τ=1.0),0.844248,0.834919,0.002197,0.988950,0.002631,0.000375,22,25
3,46,OS command injection in diagnostic CGI script,hybrid (τ=0.72),0.887839,0.881019,0.001642,0.992318,0.001864,0.000278,22,25
3,46,OS command injection in diagnostic CGI script,taumode (τ=0.42),0.934543,0.930544,0.000951,0.995720,0.001021,0.000157,22,25
3,47,improper neutralization of CRLF in mail gateway,Cosine (τ=1.0),0.878174,0.870015,0.003416,0.990709,0.003927,0.000496,22,25
3,47,improper neutralization of CRLF in mail gateway,hybrid (τ=0.72),0.896923,0.886731,0.002405,0.988637,0.002712,0.000360,22,25
3,47,improper neutralization of CRLF in mail gateway,taumode (τ=0.42),0.935892,0.928670,0.001806,0.992283,0.001945,0.000295,22,25
3,48,directory traversal in backup restore endpoint,Cosine (τ=1.0),0.793726,0.780018,0.003237,0.982729,0.004149,0.000502,22,25
3,48,directory traversal in backup restore endpoint,hybrid (τ=0.72),0.851433,0.841364,0.002477,0.988173,0.002943,0.000392,22,25
3,48,directory traversal in backup restore endpoint,taumode (τ=0.42),0.913263,0.907383,0.001439,0.993562,0.001586,0.000231,22,25
3,49,SQL injection in login endpoint,Cosine (τ=1.0),0.817541,0.803826,0.004157,0.983224,0.005171,0.000626,22,25
3,49,SQL injection in login endpoint,hybrid (τ=0.72),0.859221,0.839735,0.003910,0.977322,0.004657,0.000610,22,25
3,49,SQL injection in login endpoint,taumode (τ=0.42),0.910548,0.899404,0.002867,0.987761,0.003188,0.000428,22,25
3,50,command injection in router web administration interface,Cosine (τ=1.0),0.817609,0.804943,0.004398,0.984508,0.005464,0.000623,22,25
3,50,command injection in router web administration interface,hybrid (τ=0.72),0.836244,0.825457,0.002866,0.987101,0.003472,0.000490,22,25
3,50,command injection in router web administration interface,taumode (τ=0.42),0.897247,0.887509,0.003560,0.989146,0.004011,0.000513,22,25
5,1,integer overflow leading to heap corruption in video codec,Cosine (τ=1.0),0.870582,0.855543,0.003618,0.982726,0.004229,0.000641,20,25
5,1,integer overflow leading to heap corruption in video codec,hybrid (τ=0.72),0.905614,0.895319,0.002294,0.988632,0.002562,0.000449,20,25
5,1,integer overflow leading to heap corruption in video codec,taumode (τ=0.42),0.944894,0.938909,0.001344,0.993666,0.001431,0.000264,20,25
5,2,symlink attack in installer cleanup routine,Cosine (τ=1.0),0.837064,0.823781,0.004093,0.984131,0.004969,0.000638,20,25
5,2,symlink attack in installer cleanup routine,hybrid (τ=0.72),0.881416,0.872353,0.002616,0.989718,0.002999,0.000383,20,25
5,2,symlink attack in installer cleanup routine,taumode (τ=0.42),0.930748,0.925372,0.001567,0.994224,0.001693,0.000225,20,25
5,3,privilege escalation via writable system service configuration,Cosine (τ=1.0),0.797285,0.783221,0.003925,0.982359,0.005012,0.000631,20,25
5,3,privilege escalation via writable system service configuration,hybrid (τ=0.72),0.830315,0.814891,0.004104,0.981424,0.005036,0.000728,20,25
5,3,privilege escalation via writable system service configuration,taumode (τ=0.42),0.892403,0.883549,0.001927,0.990078,0.002181,0.000360,20,25
5,4,memory disclosure via uninitialized stack buffer,Cosine (τ=1.0),0.827909,0.818605,0.002065,0.988761,0.002522,0.000360,20,25
5,4,memory disclosure via uninitialized stack buffer,hybrid (τ=0.72),0.846735,0.828772,0.003051,0.978786,0.003681,0.000465,20,25
5,4,memory disclosure via uninitialized stack buffer,taumode (τ=0.42),0.906315,0.892319,0.004251,0.984557,0.004764,0.000718,20,25
5,5,buffer underflow in font parsing component,Cosine (τ=1.0),0.821756,0.814747,0.003038,0.991470,0.003728,0.000505,20,25
5,5,buffer underflow in font parsing component,hybrid (τ=0.72),0.860910,0.847278,0.003473,0.984166,0.004099,0.000565,20,25
5,5,buffer underflow in font parsing component,taumode (τ=0.42),0.912203,0.906752,0.001740,0.994025,0.001919,0.000267,20,25
5,6,out-of-bounds read in PDF rendering engine,Cosine (τ=1.0),0.810721,0.798379,0.003078,0.984776,0.003855,0.000584,20,25
5,6,out-of-bounds read in PDF rendering engine,hybrid (τ=0.72),0.863702,0.854546,0.002431,0.989399,0.002845,0.000456,20,25
5,6,out-of-bounds read in PDF rendering engine,taumode (τ=0.42),0.920466,0.915111,0.001422,0.994182,0.001554,0.000266,20,25
5,7,LDAP injection in enterprise directory search feature,Cosine (τ=1.0),0.766309,0.745181,0.003109,0.972429,0.004172,0.000561,20,25
5,7,LDAP injection in enterprise directory search feature,hybrid (τ=0.72),0.831492,0.814583,0.002643,0.979664,0.003245,0.000474,20,25
5,7,LDAP injection in enterprise directory search feature,taumode (τ=0.42),0.901624,0.891750,0.001544,0.989049,0.001732,0.000278,20,25
5,8,local privilege escalation via race condition in kernel,Cosine (τ=1.0),0.888749,0.879038,0.001945,0.989073,0.002213,0.000303,20,25
5,8,local privilege escalation via race condition in kernel,hybrid (τ=0.72),0.896072,0.890225,0.002404,0.993475,0.002701,0.000369,20,25
5,8,local privilege escalation via race condition in kernel,taumode (τ=0.42),0.936114,0.930874,0.002061,0.994402,0.002214,0.000317,20,25
5,9,host header injection in password reset workflow,Cosine (τ=1.0),0.823182,0.813207,0.002496,0.987882,0.003069,0.000409,20,25
5,9,host header injection in password reset workflow,hybrid (τ=0.72),0.871292,0.864081,0.001951,0.991725,0.002258,0.000318,20,25
5,9,host header injection in password reset workflow,taumode (τ=0.42),0.924857,0.920641,0.001163,0.995441,0.001263,0.000188,20,25
5,10,insecure direct object reference IDOR in invoice download,Cosine (τ=1.0),0.851287,0.840775,0.003165,0.987653,0.003765,0.000493,20,25
5,10,insecure direct object reference IDOR in invoice download,hybrid (τ=0.72),0.869516,0.856132,0.004150,0.984607,0.004848,0.000694,20,25
5,10,insecure direct object reference IDOR in invoice download,taumode (τ=0.42),0.919025,0.908892,0.002369,0.988974,0.002607,0.000414,20,25
5,11,sensitive information disclosure in cloud metadata service,Cosine (τ=1.0),0.866250,0.857004,0.001535,0.989326,0.001791,0.000298,20,25
5,11,sensitive information disclosure in cloud metadata service,hybrid (τ=0.72),0.841129,0.814995,0.008330,0.968930,0.010221,0.001431,20,25
5,11,sensitive information disclosure in cloud metadata service,taumode (τ=0.42),0.896746,0.856513,0.009313,0.955135,0.010873,0.001617,20,25
5,12,unsafe deserialization in Java RMI service,Cosine (τ=1.0),0.777755,0.767771,0.001645,0.987163,0.002142,0.000278,20,25
5,12,unsafe deserialization in Java RMI service,hybrid (τ=0.72),0.824341,0.815333,0.002486,0.989073,0.003050,0.000427,20,25
5,12,unsafe deserialization in Java RMI service,taumode (τ=0.42),0.894157,0.887357,0.001443,0.992395,0.001626,0.000291,20,25
5,13,improper certificate validation in mobile banking application,Cosine (τ=1.0),0.866147,0.852219,0.002886,0.983920,0.003386,0.000489,20,25
5,13,improper certificate validation in mobile banking application,hybrid (τ=0.72),0.869741,0.857345,0.003943,0.985748,0.004599,0.000567,20,25
5,13,improper certificate validation in mobile banking application,taumode (τ=0.42),0.916223,0.909027,0.002728,0.992146,0.003001,0.000499,20,25
5,14,race condition in temporary file creation,Cosine (τ=1.0),0.785723,0.775995,0.002485,0.987618,0.003202,0.000481,20,25
5,14,race condition in temporary file creation,hybrid (τ=0.72),0.843264,0.836650,0.001551,0.992157,0.001853,0.000258,20,25
5,14,race condition in temporary file creation,taumode (τ=0.42),0.908329,0.904414,0.000936,0.995690,0.001035,0.000151,20,25
5,15,path canonicalization bypass in file download servlet,Cosine (τ=1.0),0.841470,0.829919,0.003731,0.986273,0.004496,0.000631,20,25
5,15,path canonicalization bypass in file download servlet,hybrid (τ=0.72),0.884463,0.873344,0.003556,0.987428,0.004071,0.000632,20,25
5,15,path canonicalization bypass in file download servlet,taumode (τ=0.42),0.932482,0.925858,0.002146,0.992897,0.002318,0.000361,20,25
5,16,sandbox escape in browser extension messaging interface,Cosine (τ=1.0),0.844757,0.835066,0.002431,0.988528,0.002912,0.000441,20,25
5,16,sandbox escape in browser extension messaging interface,hybrid (τ=0.72),0.868285,0.855992,0.002764,0.985843,0.003229,0.000433,20,25
5,16,sandbox escape in browser extension messaging interface,taumode (τ=0.42),0.915747,0.906872,0.001444,0.990309,0.001593,0.000252,20,25
5,17,prototype pollution in Node.js configuration merge utility,Cosine (τ=1.0),0.869144,0.862531,0.001890,0.992392,0.002191,0.000292,20,25
5,17,prototype pollution in Node.js configuration merge utility,hybrid (τ=0.72),0.905746,0.900778,0.001443,0.994514,0.001602,0.000233,20,25
5,17,prototype pollution in Node.js configuration merge utility,taumode (τ=0.42),0.944963,0.942054,0.000850,0.996922,0.000902,0.000135,20,25
5,18,request smuggling in reverse proxy parser,Cosine (τ=1.0),0.851801,0.843049,0.002559,0.989725,0.003035,0.000406,20,25
5,18,request smuggling in reverse proxy parser,hybrid (τ=0.72),0.893266,0.886938,0.001850,0.992915,0.002085,0.000298,20,25
5,18,request smuggling in reverse proxy parser,taumode (τ=0.42),0.937694,0.933965,0.001087,0.996024,0.001163,0.000178,20,25
5,19,insecure default permissions in container runtime socket,Cosine (τ=1.0),0.845981,0.837789,0.001755,0.990316,0.002095,0.000287,20,25
5,19,insecure default permissions in container runtime socket,hybrid (τ=0.72),0.887821,0.882577,0.001139,0.994093,0.001291,0.000205,20,25
5,19,insecure default permissions in container runtime socket,taumode (τ=0.42),0.934484,0.931417,0.000678,0.996719,0.000728,0.000120,20,25
5,20,heap use-after-free in media streaming server,Cosine (τ=1.0),0.870572,0.860443,0.002436,0.988365,0.002831,0.000372,20,25
5,20,heap use-after-free in media streaming server,hybrid (τ=0.72),0.886238,0.876699,0.002918,0.989236,0.003328,0.000462,20,25
5,20,heap use-after-free in media streaming server,taumode (τ=0.42),0.930303,0.923496,0.002039,0.992682,0.002208,0.000340,20,25
5,21,business logic bypass in coupon redemption API,Cosine (τ=1.0),0.844516,0.831791,0.004138,0.984932,0.004975,0.000545,20,25
5,21,business logic bypass in coupon redemption API,hybrid (τ=0.72),0.887677,0.877866,0.002840,0.988947,0.003236,0.000416,20,25
5,21,business logic bypass in coupon redemption API,taumode (τ=0.42),0.934381,0.928648,0.001654,0.993864,0.001781,0.000244,20,25
5,22,heap buffer overflow in image processing library,Cosine (τ=1.0),0.824798,0.815635,0.002909,0.988891,0.003566,0.000499,20,25
5,22,heap buffer overflow in image processing library,hybrid (τ=0.72),0.843446,0.834073,0.002672,0.988888,0.003204,0.000407,20,25
5,22,heap buffer overflow in image processing library,taumode (τ=0.42),0.903477,0.898238,0.002005,0.994202,0.002232,0.000317,20,25
5,23,double free vulnerability in archive extraction library,Cosine (τ=1.0),0.838369,0.828359,0.002232,0.988060,0.002695,0.000410,20,25
5,23,double free vulnerability in archive extraction library,hybrid (τ=0.72),0.880597,0.874093,0.002174,0.992614,0.002487,0.000301,20,25
5,23,double free vulnerability in archive extraction library,taumode (τ=0.42),0.930258,0.926267,0.001246,0.995710,0.001345,0.000174,20,25
5,24,improper signature verification in software update channel,Cosine (τ=1.0),0.863168,0.857472,0.001828,0.993401,0.002131,0.000320,20,25
5,24,improper signature verification in software update channel,hybrid (τ=0.72),0.887309,0.874583,0.003637,0.985658,0.004159,0.000577,20,25
5,24,improper signature verification in software update channel,taumode (τ=0.42),0.930388,0.920109,0.002339,0.988953,0.002542,0.000453,20,25
5,25,authentication brute force due to missing rate limiting,Cosine (τ=1.0),0.842286,0.832627,0.002243,0.988533,0.002694,0.000346,20,25
5,25,authentication brute force due to missing rate limiting,hybrid (τ=0.72),0.854877,0.840761,0.003644,0.983488,0.004334,0.000693,20,25
5,25,authentication brute force due to missing rate limiting,taumode (τ=0.42),0.908921,0.900801,0.002485,0.991067,0.002759,0.000396,20,25
5,26,authentication bypass via JWT token manipulation,Cosine (τ=1.0),0.819093,0.809339,0.002989,0.988092,0.003693,0.000553,20,25
5,26,authentication bypass via JWT token manipulation,hybrid (τ=0.72),0.847010,0.833533,0.003468,0.984090,0.004161,0.000596,20,25
5,26,authentication bypass via JWT token manipulation,taumode (τ=0.42),0.904754,0.897026,0.002449,0.991459,0.002730,0.000407,20,25
5,27,use-after-free vulnerability in browser rendering engine,Cosine (τ=1.0),0.859942,0.849611,0.002369,0.987986,0.002788,0.000428,20,25
5,27,use-after-free vulnerability in browser rendering engine,hybrid (τ=0.72),0.899139,0.891568,0.001819,0.991580,0.002040,0.000321,20,25
5,27,use-after-free vulnerability in browser rendering engine,taumode (τ=0.42),0.941136,0.936716,0.001073,0.995304,0.001145,0.000189,20,25
5,28,hardcoded credentials in firmware update mechanism,Cosine (τ=1.0),0.838340,0.828922,0.003167,0.988765,0.003821,0.000551,20,25
5,28,hardcoded credentials in firmware update mechanism,hybrid (τ=0.72),0.883516,0.876655,0.002381,0.992234,0.002716,0.000396,20,25
5,28,hardcoded credentials in firmware update mechanism,taumode (τ=0.42),0.931919,0.927930,0.001433,0.995719,0.001544,0.000239,20,25
5,29,authorization bypass in GraphQL mutation resolver,Cosine (τ=1.0),0.824818,0.812031,0.003333,0.984497,0.004105,0.000651,20,25
5,29,authorization bypass in GraphQL mutation resolver,hybrid (τ=0.72),0.873777,0.864557,0.002388,0.989448,0.002762,0.000468,20,25
5,29,authorization bypass in GraphQL mutation resolver,taumode (τ=0.42),0.926233,0.920837,0.001372,0.994175,0.001490,0.000268,20,25
5,30,XML external entity XXE injection in SOAP parser,Cosine (τ=1.0),0.810933,0.802674,0.002868,0.989815,0.003574,0.000487,20,25
5,30,XML external entity XXE injection in SOAP parser,hybrid (τ=0.72),0.846541,0.836230,0.003017,0.987820,0.003608,0.000485,20,25
5,30,XML external entity XXE injection in SOAP parser,taumode (τ=0.42),0.906342,0.898172,0.001512,0.990986,0.001683,0.000278,20,25
5,31,improper access control in REST API DELETE method,Cosine (τ=1.0),0.873477,0.863523,0.002585,0.988604,0.002994,0.000445,20,25
5,31,improper access control in REST API DELETE method,hybrid (τ=0.72),0.889472,0.874911,0.003821,0.983629,0.004367,0.000634,20,25
5,31,improper access control in REST API DELETE method,taumode (τ=0.42),0.930398,0.920785,0.002511,0.989667,0.002727,0.000390,20,25
5,32,arbitrary file upload leading to remote code execution,Cosine (τ=1.0),0.872075,0.862849,0.002070,0.989420,0.002399,0.000356,20,25
5,32,arbitrary file upload leading to remote code execution,hybrid (τ=0.72),0.883213,0.870856,0.002815,0.986010,0.003232,0.000427,20,25
5,32,arbitrary file upload leading to remote code execution,taumode (τ=0.42),0.928069,0.918021,0.002429,0.989174,0.002646,0.000455,20,25
5,33,open redirect in single sign-on logout flow,Cosine (τ=1.0),0.881599,0.871850,0.001803,0.988941,0.002068,0.000343,20,25
5,33,open redirect in single sign-on logout flow,hybrid (τ=0.72),0.885470,0.866871,0.004719,0.978995,0.005443,0.000798,20,25
5,33,open redirect in single sign-on logout flow,taumode (τ=0.42),0.925693,0.912327,0.003838,0.985561,0.004207,0.000574,20,25
5,34,cross-tenant data exposure in multi-tenant storage service,Cosine (τ=1.0),0.875291,0.864743,0.002403,0.987948,0.002778,0.000443,20,25
5,34,cross-tenant data exposure in multi-tenant storage service,hybrid (τ=0.72),0.908056,0.902166,0.001517,0.993513,0.001681,0.000320,20,25
5,34,cross-tenant data exposure in multi-tenant storage service,taumode (τ=0.42),0.946209,0.942841,0.000918,0.996441,0.000974,0.000200,20,25
5,35,stack-based buffer overflow in DHCP client,Cosine (τ=1.0),0.738500,0.729606,0.002528,0.987957,0.003465,0.000423,20,25
5,35,stack-based buffer overflow in DHCP client,hybrid (τ=0.72),0.802825,0.796393,0.001791,0.991988,0.002249,0.000302,20,25
5,35,stack-based buffer overflow in DHCP client,taumode (τ=0.42),0.874971,0.870311,0.001178,0.994674,0.001353,0.000188,20,25
5,36,server-side request forgery SSRF in URL preview feature,Cosine (τ=1.0),0.866965,0.858382,0.002677,0.990101,0.003119,0.000454,20,25
5,36,server-side request forgery SSRF in URL preview feature,hybrid (τ=0.72),0.896091,0.888827,0.002808,0.991893,0.003159,0.000425,20,25
5,36,server-side request forgery SSRF in URL preview feature,taumode (τ=0.42),0.937247,0.928525,0.001736,0.990694,0.001869,0.000322,20,25
5,37,NoSQL injection in user search API,Cosine (τ=1.0),0.839450,0.834059,0.001597,0.993579,0.001915,0.000296,20,25
5,37,NoSQL injection in user search API,hybrid (τ=0.72),0.884374,0.880492,0.001146,0.995610,0.001302,0.000212,20,25
5,37,NoSQL injection in user search API,taumode (τ=0.42),0.932508,0.930242,0.000664,0.997570,0.000714,0.000123,20,25
5,38,improper input validation in SAML assertion processing,Cosine (τ=1.0),0.798678,0.783489,0.005261,0.980982,0.006715,0.000910,20,25
5,38,improper input validation in SAML assertion processing,hybrid (τ=0.72),0.831036,0.810993,0.003669,0.975881,0.004524,0.000711,20,25
5,38,improper input validation in SAML assertion processing,taumode (τ=0.42),0.890562,0.881491,0.002460,0.989814,0.002791,0.000432,20,25
5,39,denial of service via malformed network packets,Cosine (τ=1.0),0.895243,0.887140,0.001341,0.990950,0.001511,0.000213,20,25
5,39,denial of service via malformed network packets,hybrid (τ=0.72),0.910918,0.905611,0.001245,0.994174,0.001375,0.000226,20,25
5,39,denial of service via malformed network packets,taumode (τ=0.42),0.942484,0.933871,0.001588,0.990861,0.001700,0.000258,20,25
5,40,remote code execution in ERP web component,Cosine (τ=1.0),0.859813,0.853653,0.001766,0.992835,0.002069,0.000285,20,25
5,40,remote code execution in ERP web component,hybrid (τ=0.72),0.899056,0.894399,0.001155,0.994821,0.001292,0.000190,20,25
5,40,remote code execution in ERP web component,taumode (τ=0.42),0.941102,0.938374,0.000676,0.997102,0.000720,0.000110,20,25
5,41,null pointer dereference in Bluetooth service,Cosine (τ=1.0),0.858562,0.844887,0.002286,0.984072,0.002706,0.000455,20,25
5,41,null pointer dereference in Bluetooth service,hybrid (τ=0.72),0.867807,0.854020,0.004154,0.984112,0.004864,0.000675,20,25
5,41,null pointer dereference in Bluetooth service,taumode (τ=0.42),0.918380,0.906673,0.003314,0.987252,0.003655,0.000520,20,25
5,42,stored cross-site scripting XSS in user profile page,Cosine (τ=1.0),0.870524,0.866708,0.001586,0.995617,0.001830,0.000242,20,25
5,42,stored cross-site scripting XSS in user profile page,hybrid (τ=0.72),0.906757,0.903656,0.001171,0.996580,0.001296,0.000191,20,25
5,42,stored cross-site scripting XSS in user profile page,taumode (τ=0.42),0.945579,0.943752,0.000676,0.998069,0.000716,0.000109,20,25
5,43,format string vulnerability in logging daemon,Cosine (τ=1.0),0.849201,0.836289,0.002243,0.984795,0.002682,0.000429,20,25
5,43,format string vulnerability in logging daemon,hybrid (τ=0.72),0.890651,0.881632,0.001482,0.989874,0.001681,0.000253,20,25
5,43,format string vulnerability in logging daemon,taumode (τ=0.42),0.936135,0.930865,0.000867,0.994371,0.000931,0.000152,20,25
5,44,cross-site request forgery CSRF in admin password change form,Cosine (τ=1.0),0.889633,0.880441,0.001946,0.989668,0.002211,0.000380,20,25
5,44,cross-site request forgery CSRF in admin password change form,hybrid (τ=0.72),0.878324,0.867620,0.001985,0.987813,0.002288,0.000359,20,25
5,44,cross-site request forgery CSRF in admin password change form,taumode (τ=0.42),0.923063,0.917455,0.001759,0.993924,0.001917,0.000302,20,25
5,45,authenticated arbitrary file read path traversal,Cosine (τ=1.0),0.861854,0.847818,0.003226,0.983713,0.003805,0.000553,20,25
5,45,authenticated arbitrary file read path traversal,hybrid (τ=0.72),0.897364,0.889895,0.002548,0.991676,0.002863,0.000395,20,25
5,45,authenticated arbitrary file read path traversal,taumode (τ=0.42),0.940057,0.935478,0.001466,0.995129,0.001567,0.000241,20,25
5,46,OS command injection in diagnostic CGI script,Cosine (τ=1.0),0.842413,0.834445,0.001666,0.990542,0.001997,0.000322,20,25
5,46,OS command injection in diagnostic CGI script,hybrid (τ=0.72),0.886497,0.880672,0.001272,0.993429,0.001445,0.000244,20,25
5,46,OS command injection in diagnostic CGI script,taumode (τ=0.42),0.933729,0.930347,0.000751,0.996378,0.000807,0.000143,20,25
5,47,improper neutralization of CRLF in mail gateway,Cosine (τ=1.0),0.877422,0.869387,0.002915,0.990842,0.003353,0.000445,20,25
5,47,improper neutralization of CRLF in mail gateway,hybrid (τ=0.72),0.894564,0.886301,0.002076,0.990763,0.002343,0.000319,20,25
5,47,improper neutralization of CRLF in mail gateway,taumode (τ=0.42),0.934558,0.928281,0.001387,0.993283,0.001494,0.000260,20,25
5,48,directory traversal in backup restore endpoint,Cosine (τ=1.0),0.791316,0.779249,0.002241,0.984752,0.002876,0.000379,20,25
5,48,directory traversal in backup restore endpoint,hybrid (τ=0.72),0.849697,0.840791,0.001770,0.989519,0.002105,0.000307,20,25
5,48,directory traversal in backup restore endpoint,taumode (τ=0.42),0.912248,0.907049,0.001024,0.994301,0.001129,0.000181,20,25
5,49,SQL injection in login endpoint,Cosine (τ=1.0),0.814915,0.803111,0.003650,0.985515,0.004544,0.000607,20,25
5,49,SQL injection in login endpoint,hybrid (τ=0.72),0.854774,0.838898,0.003013,0.981427,0.003592,0.000601,20,25
5,49,SQL injection in login endpoint,taumode (τ=0.42),0.908382,0.898831,0.002329,0.989485,0.002591,0.000406,20,25
5,50,command injection in router web administration interface,Cosine (τ=1.0),0.815456,0.804214,0.003929,0.986214,0.004885,0.000580,20,25
5,50,command injection in router web administration interface,hybrid (τ=0.72),0.834139,0.824904,0.002366,0.988929,0.002868,0.000441,20,25
5,50,command injection in router web administration interface,taumode (τ=0.42),0.895877,0.886877,0.003081,0.989955,0.003474,0.000480,20,25
10,1,integer overflow leading to heap corruption in video codec,Cosine (τ=1.0),0.865610,0.853845,0.001759,0.986409,0.002060,0.000353,15,25
10,1,integer overflow leading to heap corruption in video codec,hybrid (τ=0.72),0.902088,0.894237,0.001135,0.991296,0.001269,0.000270,15,25
10,1,integer overflow leading to heap corruption in video codec,taumode (τ=0.42),0.942853,0.938275,0.000662,0.995145,0.000705,0.000159,15,25
10,2,symlink attack in installer cleanup routine,Cosine (τ=1.0),0.832994,0.822066,0.003170,0.986882,0.003856,0.000600,15,25
10,2,symlink attack in installer cleanup routine,hybrid (τ=0.72),0.878691,0.871149,0.001806,0.991416,0.002073,0.000409,15,25
10,2,symlink attack in installer cleanup routine,taumode (τ=0.42),0.929146,0.924648,0.001077,0.995159,0.001164,0.000239,15,25
10,3,privilege escalation via writable system service configuration,Cosine (τ=1.0),0.793020,0.781376,0.002601,0.985317,0.003329,0.000561,15,25
10,3,privilege escalation via writable system service configuration,hybrid (τ=0.72),0.825719,0.812814,0.002015,0.984372,0.002478,0.000457,15,25
10,3,privilege escalation via writable system service configuration,taumode (τ=0.42),0.889234,0.882710,0.001378,0.992663,0.001561,0.000290,15,25
10,4,memory disclosure via uninitialized stack buffer,Cosine (τ=1.0),0.824637,0.817684,0.001400,0.991568,0.001712,0.000296,15,25
10,4,memory disclosure via uninitialized stack buffer,hybrid (τ=0.72),0.839732,0.827453,0.002273,0.985378,0.002747,0.000443,15,25
10,4,memory disclosure via uninitialized stack buffer,taumode (τ=0.42),0.902449,0.890230,0.002106,0.986461,0.002366,0.000476,15,25
10,5,buffer underflow in font parsing component,Cosine (τ=1.0),0.820389,0.813322,0.001956,0.991386,0.002405,0.000448,15,25
10,5,buffer underflow in font parsing component,hybrid (τ=0.72),0.856584,0.845618,0.001838,0.987197,0.002173,0.000374,15,25
10,5,buffer underflow in font parsing component,taumode (τ=0.42),0.910598,0.906006,0.001332,0.994957,0.001470,0.000267,15,25
10,6,out-of-bounds read in PDF rendering engine,Cosine (τ=1.0),0.806805,0.796876,0.001623,0.987694,0.002037,0.000386,15,25
10,6,out-of-bounds read in PDF rendering engine,hybrid (τ=0.72),0.860880,0.853375,0.001380,0.991281,0.001617,0.000326,15,25
10,6,out-of-bounds read in PDF rendering engine,taumode (τ=0.42),0.918818,0.914425,0.000806,0.995219,0.000881,0.000191,15,25
10,7,LDAP injection in enterprise directory search feature,Cosine (τ=1.0),0.758050,0.743644,0.001426,0.980996,0.001918,0.000317,15,25
10,7,LDAP injection in enterprise directory search feature,hybrid (τ=0.72),0.824863,0.813366,0.001450,0.986063,0.001783,0.000294,15,25
10,7,LDAP injection in enterprise directory search feature,taumode (τ=0.42),0.897750,0.891042,0.000848,0.992528,0.000952,0.000170,15,25
10,8,local privilege escalation via race condition in kernel,Cosine (τ=1.0),0.885265,0.878123,0.001234,0.991933,0.001405,0.000244,15,25
10,8,local privilege escalation via race condition in kernel,hybrid (τ=0.72),0.894925,0.889040,0.001419,0.993424,0.001596,0.000347,15,25
10,8,local privilege escalation via race condition in kernel,taumode (τ=0.42),0.935045,0.929839,0.001074,0.994432,0.001155,0.000208,15,25
10,9,host header injection in password reset workflow,Cosine (τ=1.0),0.820080,0.811950,0.001283,0.990087,0.001580,0.000283,15,25
10,9,host header injection in password reset workflow,hybrid (τ=0.72),0.869103,0.863137,0.001112,0.993136,0.001288,0.000265,15,25
10,9,host header injection in password reset workflow,taumode (τ=0.42),0.923589,0.920080,0.000661,0.996201,0.000719,0.000152,15,25
10,10,insecure direct object reference IDOR in invoice download,Cosine (τ=1.0),0.848467,0.839151,0.001082,0.989020,0.001290,0.000235,15,25
10,10,insecure direct object reference IDOR in invoice download,hybrid (τ=0.72),0.865906,0.854077,0.002040,0.986339,0.002389,0.000455,15,25
10,10,insecure direct object reference IDOR in invoice download,taumode (τ=0.42),0.915727,0.907713,0.001227,0.991249,0.001351,0.000257,15,25
10,11,sensitive information disclosure in cloud metadata service,Cosine (τ=1.0),0.862631,0.856334,0.001079,0.992700,0.001260,0.000246,15,25
10,11,sensitive information disclosure in cloud metadata service,hybrid (τ=0.72),0.833351,0.811469,0.006321,0.973742,0.007790,0.001280,15,25
10,11,sensitive information disclosure in cloud metadata service,taumode (τ=0.42),0.883358,0.852027,0.003544,0.964532,0.004160,0.000778,15,25
10,12,unsafe deserialization in Java RMI service,Cosine (τ=1.0),0.773918,0.767001,0.001063,0.991062,0.001386,0.000216,15,25
10,12,unsafe deserialization in Java RMI service,hybrid (τ=0.72),0.821660,0.814118,0.001430,0.990822,0.001757,0.000321,15,25
10,12,unsafe deserialization in Java RMI service,taumode (τ=0.42),0.891778,0.886676,0.000730,0.994278,0.000823,0.000167,15,25
10,13,improper certificate validation in mobile banking application,Cosine (τ=1.0),0.861337,0.850783,0.001530,0.987747,0.001798,0.000344,15,25
10,13,improper certificate validation in mobile banking application,hybrid (τ=0.72),0.866156,0.855603,0.002923,0.987816,0.003417,0.000619,15,25
10,13,improper certificate validation in mobile banking application,taumode (τ=0.42),0.914183,0.907988,0.002271,0.993223,0.002502,0.000451,15,25
10,14,race condition in temporary file creation,Cosine (τ=1.0),0.782639,0.774808,0.001296,0.989994,0.001673,0.000322,15,25
10,14,race condition in temporary file creation,hybrid (τ=0.72),0.840827,0.836071,0.001340,0.994344,0.001603,0.000254,15,25
10,14,race condition in temporary file creation,taumode (τ=0.42),0.906903,0.904060,0.000803,0.996866,0.000888,0.000151,15,25
10,15,path canonicalization bypass in file download servlet,Cosine (τ=1.0),0.838378,0.828130,0.002213,0.987776,0.002672,0.000485,15,25
10,15,path canonicalization bypass in file download servlet,hybrid (τ=0.72),0.881334,0.871724,0.002035,0.989096,0.002335,0.000402,15,25
10,15,path canonicalization bypass in file download servlet,taumode (τ=0.42),0.930663,0.924863,0.001212,0.993768,0.001311,0.000238,15,25
10,16,sandbox escape in browser extension messaging interface,Cosine (τ=1.0),0.841408,0.834068,0.001873,0.991277,0.002245,0.000376,15,25
10,16,sandbox escape in browser extension messaging interface,hybrid (τ=0.72),0.864162,0.854643,0.001651,0.988985,0.001931,0.000364,15,25
10,16,sandbox escape in browser extension messaging interface,taumode (τ=0.42),0.912345,0.906182,0.000878,0.993245,0.000969,0.000189,15,25
10,17,prototype pollution in Node.js configuration merge utility,Cosine (τ=1.0),0.867233,0.861601,0.001114,0.993506,0.001293,0.000269,15,25
10,17,prototype pollution in Node.js configuration merge utility,hybrid (τ=0.72),0.904368,0.900040,0.000756,0.995214,0.000840,0.000163,15,25
10,17,prototype pollution in Node.js configuration merge utility,taumode (τ=0.42),0.944156,0.941623,0.000457,0.997317,0.000485,0.000098,15,25
10,18,request smuggling in reverse proxy parser,Cosine (τ=1.0),0.849283,0.841810,0.001526,0.991201,0.001813,0.000352,15,25
10,18,request smuggling in reverse proxy parser,hybrid (τ=0.72),0.891440,0.886046,0.001112,0.993948,0.001255,0.000259,15,25
10,18,request smuggling in reverse proxy parser,taumode (τ=0.42),0.936609,0.933446,0.000664,0.996622,0.000712,0.000154,15,25
10,19,insecure default permissions in container runtime socket,Cosine (τ=1.0),0.843144,0.836949,0.001071,0.992652,0.001279,0.000250,15,25
10,19,insecure default permissions in container runtime socket,hybrid (τ=0.72),0.886040,0.882016,0.000598,0.995459,0.000678,0.000154,15,25
10,19,insecure default permissions in container runtime socket,taumode (τ=0.42),0.933449,0.931085,0.000350,0.997467,0.000376,0.000083,15,25
10,20,heap use-after-free in media streaming server,Cosine (τ=1.0),0.867269,0.859269,0.001425,0.990775,0.001658,0.000305,15,25
10,20,heap use-after-free in media streaming server,hybrid (τ=0.72),0.883698,0.875212,0.001539,0.990397,0.001759,0.000348,15,25
10,20,heap use-after-free in media streaming server,taumode (τ=0.42),0.928207,0.922624,0.001562,0.993985,0.001693,0.000339,15,25
10,21,business logic bypass in coupon redemption API,Cosine (τ=1.0),0.841075,0.829843,0.002745,0.986646,0.003308,0.000529,15,25
10,21,business logic bypass in coupon redemption API,hybrid (τ=0.72),0.884820,0.876500,0.001696,0.990597,0.001935,0.000348,15,25
10,21,business logic bypass in coupon redemption API,taumode (τ=0.42),0.932708,0.927852,0.000984,0.994794,0.001060,0.000204,15,25
10,22,heap buffer overflow in image processing library,Cosine (τ=1.0),0.822415,0.814169,0.001498,0.989974,0.001840,0.000338,15,25
10,22,heap buffer overflow in image processing library,hybrid (τ=0.72),0.840546,0.832882,0.001957,0.990882,0.002349,0.000457,15,25
10,22,heap buffer overflow in image processing library,taumode (τ=0.42),0.902195,0.897347,0.001454,0.994627,0.001621,0.000326,15,25
10,23,double free vulnerability in archive extraction library,Cosine (τ=1.0),0.834778,0.827416,0.001677,0.991182,0.002026,0.000374,15,25
10,23,double free vulnerability in archive extraction library,hybrid (τ=0.72),0.878803,0.873121,0.001576,0.993534,0.001805,0.000324,15,25
10,23,double free vulnerability in archive extraction library,taumode (τ=0.42),0.929162,0.925668,0.000775,0.996240,0.000837,0.000168,15,25
10,24,improper signature verification in software update channel,Cosine (τ=1.0),0.861566,0.856642,0.001203,0.994284,0.001405,0.000249,15,25
10,24,improper signature verification in software update channel,hybrid (τ=0.72),0.883348,0.872981,0.002640,0.988264,0.003024,0.000580,15,25
10,24,improper signature verification in software update channel,taumode (τ=0.42),0.926759,0.919102,0.001188,0.991738,0.001292,0.000225,15,25
10,25,authentication brute force due to missing rate limiting,Cosine (τ=1.0),0.838985,0.831608,0.001421,0.991207,0.001709,0.000271,15,25
10,25,authentication brute force due to missing rate limiting,hybrid (τ=0.72),0.850474,0.838990,0.001797,0.986497,0.002142,0.000420,15,25
10,25,authentication brute force due to missing rate limiting,taumode (τ=0.42),0.906654,0.899606,0.001523,0.992227,0.001693,0.000329,15,25
10,26,authentication bypass via JWT token manipulation,Cosine (τ=1.0),0.816256,0.807979,0.001735,0.989860,0.002147,0.000339,15,25
10,26,authentication bypass via JWT token manipulation,hybrid (τ=0.72),0.842551,0.832013,0.002391,0.987493,0.002874,0.000475,15,25
10,26,authentication bypass via JWT token manipulation,taumode (τ=0.42),0.902628,0.895867,0.001561,0.992509,0.001743,0.000354,15,25
10,27,use-after-free vulnerability in browser rendering engine,Cosine (τ=1.0),0.856401,0.848528,0.001484,0.990807,0.001748,0.000290,15,25
10,27,use-after-free vulnerability in browser rendering engine,hybrid (τ=0.72),0.896597,0.890739,0.001164,0.993466,0.001306,0.000225,15,25
10,27,use-after-free vulnerability in browser rendering engine,taumode (τ=0.42),0.939665,0.936223,0.000678,0.996338,0.000724,0.000130,15,25
10,28,hardcoded credentials in firmware update mechanism,Cosine (τ=1.0),0.835910,0.827402,0.001902,0.989822,0.002299,0.000452,15,25
10,28,hardcoded credentials in firmware update mechanism,hybrid (τ=0.72),0.881788,0.875520,0.001463,0.992892,0.001671,0.000325,15,25
10,28,hardcoded credentials in firmware update mechanism,taumode (τ=0.42),0.930942,0.927252,0.000897,0.996036,0.000968,0.000198,15,25
10,29,authorization bypass in GraphQL mutation resolver,Cosine (τ=1.0),0.820565,0.810604,0.002384,0.987861,0.002941,0.000500,15,25
10,29,authorization bypass in GraphQL mutation resolver,hybrid (τ=0.72),0.870704,0.863532,0.001703,0.991763,0.001972,0.000367,15,25
10,29,authorization bypass in GraphQL mutation resolver,taumode (τ=0.42),0.924424,0.920244,0.000969,0.995479,0.001053,0.000219,15,25
10,30,XML external entity XXE injection in SOAP parser,Cosine (τ=1.0),0.808632,0.801455,0.002173,0.991125,0.002711,0.000434,15,25
10,30,XML external entity XXE injection in SOAP parser,hybrid (τ=0.72),0.843544,0.834791,0.001877,0.989624,0.002248,0.000468,15,25
10,30,XML external entity XXE injection in SOAP parser,taumode (τ=0.42),0.903323,0.897461,0.000907,0.993510,0.001011,0.000210,15,25
10,31,improper access control in REST API DELETE method,Cosine (τ=1.0),0.870285,0.862332,0.001738,0.990862,0.002015,0.000346,15,25
10,31,improper access control in REST API DELETE method,hybrid (τ=0.72),0.884993,0.873043,0.001795,0.986497,0.002056,0.000386,15,25
10,31,improper access control in REST API DELETE method,taumode (τ=0.42),0.927130,0.919759,0.002001,0.992049,0.002176,0.000389,15,25
10,32,arbitrary file upload leading to remote code execution,Cosine (τ=1.0),0.868966,0.861846,0.001243,0.991807,0.001442,0.000292,15,25
10,32,arbitrary file upload leading to remote code execution,hybrid (τ=0.72),0.878970,0.869566,0.001815,0.989301,0.002088,0.000339,15,25
10,32,arbitrary file upload leading to remote code execution,taumode (τ=0.42),0.924706,0.916914,0.001367,0.991574,0.001491,0.000297,15,25
10,33,open redirect in single sign-on logout flow,Cosine (τ=1.0),0.877835,0.871110,0.001374,0.992339,0.001578,0.000291,15,25
10,33,open redirect in single sign-on logout flow,hybrid (τ=0.72),0.879714,0.864508,0.002289,0.982714,0.002648,0.000573,15,25
10,33,open redirect in single sign-on logout flow,taumode (τ=0.42),0.921617,0.910589,0.002710,0.988034,0.002976,0.000603,15,25
10,34,cross-tenant data exposure in multi-tenant storage service,Cosine (τ=1.0),0.871636,0.863664,0.001186,0.990854,0.001373,0.000240,15,25
10,34,cross-tenant data exposure in multi-tenant storage service,hybrid (τ=0.72),0.906106,0.901502,0.000885,0.994919,0.000982,0.000191,15,25
10,34,cross-tenant data exposure in multi-tenant storage service,taumode (τ=0.42),0.945126,0.942440,0.000550,0.997158,0.000584,0.000125,15,25
10,35,stack-based buffer overflow in DHCP client,Cosine (τ=1.0),0.735704,0.728506,0.001851,0.990216,0.002541,0.000379,15,25
10,35,stack-based buffer overflow in DHCP client,hybrid (τ=0.72),0.800810,0.795592,0.001258,0.993485,0.001581,0.000260,15,25
10,35,stack-based buffer overflow in DHCP client,taumode (τ=0.42),0.873467,0.869760,0.000750,0.995757,0.000862,0.000171,15,25
10,36,server-side request forgery SSRF in URL preview feature,Cosine (τ=1.0),0.864636,0.857074,0.001002,0.991254,0.001169,0.000219,15,25
10,36,server-side request forgery SSRF in URL preview feature,hybrid (τ=0.72),0.894527,0.887448,0.001664,0.992087,0.001875,0.000366,15,25
10,36,server-side request forgery SSRF in URL preview feature,taumode (τ=0.42),0.933913,0.927841,0.001400,0.993498,0.001509,0.000284,15,25
10,37,NoSQL injection in user search API,Cosine (τ=1.0),0.837890,0.833302,0.001017,0.994525,0.001221,0.000304,15,25
10,37,NoSQL injection in user search API,hybrid (τ=0.72),0.883251,0.879947,0.000726,0.996260,0.000825,0.000217,15,25
10,37,NoSQL injection in user search API,taumode (τ=0.42),0.931852,0.929924,0.000414,0.997931,0.000445,0.000124,15,25
10,38,improper input validation in SAML assertion processing,Cosine (τ=1.0),0.794831,0.780991,0.003091,0.982588,0.003958,0.000617,15,25
10,38,improper input validation in SAML assertion processing,hybrid (τ=0.72),0.823467,0.809358,0.002508,0.982866,0.003098,0.000604,15,25
10,38,improper input validation in SAML assertion processing,taumode (τ=0.42),0.887803,0.880306,0.001292,0.991556,0.001467,0.000283,15,25
10,39,denial of service via malformed network packets,Cosine (τ=1.0),0.892155,0.886498,0.000793,0.993659,0.000894,0.000162,15,25
10,39,denial of service via malformed network packets,hybrid (τ=0.72),0.909118,0.905042,0.000763,0.995516,0.000843,0.000158,15,25
10,39,denial of service via malformed network packets,taumode (τ=0.42),0.939334,0.933099,0.000844,0.993363,0.000905,0.000155,15,25
10,40,remote code execution in ERP web component,Cosine (τ=1.0),0.858032,0.852786,0.000961,0.993886,0.001126,0.000174,15,25
10,40,remote code execution in ERP web component,hybrid (τ=0.72),0.897550,0.893852,0.000660,0.995880,0.000738,0.000122,15,25
10,40,remote code execution in ERP web component,taumode (τ=0.42),0.940221,0.938052,0.000380,0.997693,0.000405,0.000070,15,25
10,41,null pointer dereference in Bluetooth service,Cosine (τ=1.0),0.853281,0.843849,0.001362,0.988947,0.001614,0.000299,15,25
10,41,null pointer dereference in Bluetooth service,hybrid (τ=0.72),0.863938,0.852003,0.002338,0.986186,0.002745,0.000526,15,25
10,41,null pointer dereference in Bluetooth service,taumode (τ=0.42),0.914442,0.905396,0.002808,0.990107,0.003101,0.000546,15,25
10,42,stored cross-site scripting XSS in user profile page,Cosine (τ=1.0),0.869666,0.866008,0.001171,0.995795,0.001352,0.000265,15,25
10,42,stored cross-site scripting XSS in user profile page,hybrid (τ=0.72),0.906039,0.903101,0.000750,0.996757,0.000830,0.000183,15,25
10,42,stored cross-site scripting XSS in user profile page,taumode (τ=0.42),0.945142,0.943435,0.000444,0.998194,0.000470,0.000108,15,25
10,43,format string vulnerability in logging daemon,Cosine (τ=1.0),0.844366,0.835209,0.001177,0.989156,0.001409,0.000256,15,25
10,43,format string vulnerability in logging daemon,hybrid (τ=0.72),0.887183,0.880938,0.000877,0.992960,0.000995,0.000192,15,25
10,43,format string vulnerability in logging daemon,taumode (τ=0.42),0.934112,0.930457,0.000498,0.996087,0.000535,0.000107,15,25
10,44,cross-site request forgery CSRF in admin password change form,Cosine (τ=1.0),0.886337,0.879574,0.001358,0.992369,0.001544,0.000347,15,25
10,44,cross-site request forgery CSRF in admin password change form,hybrid (τ=0.72),0.874275,0.866752,0.001476,0.991395,0.001703,0.000348,15,25
10,44,cross-site request forgery CSRF in admin password change form,taumode (τ=0.42),0.921464,0.916652,0.001192,0.994778,0.001300,0.000276,15,25
10,45,authenticated arbitrary file read path traversal,Cosine (τ=1.0),0.857154,0.846272,0.001978,0.987304,0.002337,0.000416,15,25
10,45,authenticated arbitrary file read path traversal,hybrid (τ=0.72),0.895450,0.888681,0.001628,0.992440,0.001832,0.000359,15,25
10,45,authenticated arbitrary file read path traversal,taumode (τ=0.42),0.938802,0.934789,0.000926,0.995726,0.000991,0.000207,15,25
10,46,OS command injection in diagnostic CGI script,Cosine (τ=1.0),0.839581,0.833677,0.001000,0.992968,0.001200,0.000201,15,25
10,46,OS command injection in diagnostic CGI script,hybrid (τ=0.72),0.884466,0.880084,0.000777,0.995046,0.000883,0.000161,15,25
10,46,OS command injection in diagnostic CGI script,taumode (τ=0.42),0.932557,0.930002,0.000467,0.997260,0.000502,0.000094,15,25
10,47,improper neutralization of CRLF in mail gateway,Cosine (τ=1.0),0.875259,0.868151,0.002248,0.991879,0.002590,0.000442,15,25
10,47,improper neutralization of CRLF in mail gateway,hybrid (τ=0.72),0.891883,0.885334,0.001334,0.992657,0.001507,0.000263,15,25
10,47,improper neutralization of CRLF in mail gateway,taumode (τ=0.42),0.932305,0.927690,0.000999,0.995050,0.001077,0.000203,15,25
10,48,directory traversal in backup restore endpoint,Cosine (τ=1.0),0.787000,0.778105,0.000993,0.988697,0.001276,0.000220,15,25
10,48,directory traversal in backup restore endpoint,hybrid (τ=0.72),0.846579,0.839901,0.000874,0.992112,0.001040,0.000203,15,25
10,48,directory traversal in backup restore endpoint,taumode (τ=0.42),0.910413,0.906539,0.000520,0.995744,0.000574,0.000119,15,25
10,49,SQL injection in login endpoint,Cosine (τ=1.0),0.811413,0.801511,0.002612,0.987796,0.003259,0.000528,15,25
10,49,SQL injection in login endpoint,hybrid (τ=0.72),0.849003,0.837453,0.001453,0.986396,0.001735,0.000324,15,25
10,49,SQL injection in login endpoint,taumode (τ=0.42),0.905246,0.897738,0.001429,0.991706,0.001592,0.000306,15,25
10,50,command injection in router web administration interface,Cosine (τ=1.0),0.812496,0.802440,0.002811,0.987624,0.003504,0.000683,15,25
10,50,command injection in router web administration interface,hybrid (τ=0.72),0.831093,0.823857,0.001643,0.991293,0.001994,0.000381,15,25
10,50,command injection in router web administration interface,taumode (τ=0.42),0.893553,0.885427,0.001910,0.990905,0.002157,0.000387,15,25
